timestamp,fecha,mes,dia_semana,dia_semana_num,hora,turno,AT_1,AT_2,FI_1,FI_2,FI_3,R_1,R_2,R_3,E_1,E_2,E_3,E_4,score_tangibles,score_fiabilidad,score_responsiveness,score_empatia,score_servqual_total,D_1,satisfaccion_nivel,NPS,nps_categoria,C_1,calidad_nivel,INFO,info_nivel,AÑOS,antiguedad_grupo,Giro,Puesto,Estado,Estado_limpio,region,poblacion_millones,pib_per_capita_miles,nivel_economico_estado,lat,long,region_simplificada,Giro_corto
2025-04-01 14:10:11,2025-04-01,4,Tuesday,1,14,Tarde,4,5,3,4,4.0,4,4,5,3,4,4,4,4.5,3.67,4.33,3.75,4.06,8,Alto,8,Pasivo,4,Bueno,9,Bien informado,5,Establecido,Persona física,Persona física,Ciudad de México,Ciudad de México,Centro,9.21,394.0,Alto,19.4326,-99.1332,Centro,Persona física
2025-04-02 17:39:14,2025-04-02,4,Wednesday,2,17,Tarde,4,4,4,2,4.0,3,3,3,4,3,4,5,4.0,3.33,3.0,4.0,3.58,7,Medio,8,Pasivo,4,Bueno,10,Bien informado,2,Nuevo,Asociación civil,Coordinador,Durango,Durango,Norte,1.83,142.0,Medio,24.0277,-104.6532,Norte,Asoc. Civil
2025-04-07 09:41:42,2025-04-07,4,Monday,0,9,Mañana,4,3,4,4,3.0,4,3,3,4,3,3,4,3.5,3.67,3.33,3.5,3.5,8,Alto,10,Promotor,3,Regular,10,Bien informado,14,Veterano,Persona física,Persona física,Guanajuato,Guanajuato,Bajío,6.17,157.0,Medio,21.019,-101.2574,Centro,Persona física
2025-04-07 10:35:23,2025-04-07,4,Monday,0,10,Mañana,5,5,5,5,5.0,4,5,5,5,5,5,5,5.0,5.0,4.67,5.0,4.92,10,Alto,10,Promotor,5,Bueno,8,Bien informado,15,Veterano,Educación,Coordinador,Guanajuato,Guanajuato,Bajío,6.17,157.0,Medio,21.019,-101.2574,Centro,Educación
2025-04-07 10:39:22,2025-04-07,4,Monday,0,10,Mañana,3,3,4,4,4.0,3,2,3,4,4,4,4,3.0,4.0,2.67,4.0,3.42,7,Medio,9,Promotor,3,Regular,7,Parcialmente informado,2,Nuevo,Empresa,Coordinador,Guanajuato,Guanajuato,Bajío,6.17,157.0,Medio,21.019,-101.2574,Centro,Empresa
2025-04-07 10:56:42,2025-04-07,4,Monday,0,10,Mañana,3,4,3,3,4.0,4,3,4,4,3,4,4,3.5,3.33,3.67,3.75,3.56,8,Alto,9,Promotor,4,Bueno,8,Bien informado,3,Establecido,Educación,Coordinador,Guanajuato,Guanajuato,Bajío,6.17,157.0,Medio,21.019,-101.2574,Centro,Educación
2025-04-07 11:25:25,2025-04-07,4,Monday,0,11,Mañana,4,4,3,4,5.0,4,3,3,5,4,3,2,4.0,4.0,3.33,3.5,3.71,8,Alto,8,Pasivo,3,Regular,8,Bien informado,3,Establecido,Educación,Coordinador,Guanajuato,Guanajuato,Bajío,6.17,157.0,Medio,21.019,-101.2574,Centro,Educación
2025-04-07 11:30:53,2025-04-07,4,Monday,0,11,Mañana,3,2,2,4,3.0,3,4,3,5,3,2,4,2.5,3.0,3.33,3.5,3.08,7,Medio,9,Promotor,3,Regular,7,Parcialmente informado,18,Veterano,Educación,Dueño,Coahuila,Coahuila,Norte,3.15,263.0,Alto,27.0587,-101.7068,Norte,Educación
2025-04-07 11:42:37,2025-04-07,4,Monday,0,11,Mañana,3,2,3,4,3.0,4,4,4,3,4,4,3,2.5,3.33,4.0,3.5,3.33,7,Medio,8,Pasivo,4,Bueno,7,Parcialmente informado,3,Establecido,Teletón (Grupos internos de la Fundación),Coordinador,Hidalgo,Hidalgo,Centro,3.08,115.0,Bajo,20.0911,-98.7624,Centro,Teletón (Grupos internos de la Fundación)
2025-04-07 11:54:32,2025-04-07,4,Monday,0,11,Mañana,4,3,3,3,4.0,3,4,4,3,4,4,3,3.5,3.33,3.67,3.5,3.5,8,Alto,8,Pasivo,3,Regular,8,Bien informado,8,Veterano,Educación,Coordinador,Coahuila,Coahuila,Norte,3.15,263.0,Alto,27.0587,-101.7068,Norte,Educación
2025-04-07 12:02:53,2025-04-07,4,Monday,0,12,Tarde,4,3,4,4,3.0,4,5,4,3,4,3,4,3.5,3.67,4.33,3.5,3.75,7,Medio,8,Pasivo,4,Bueno,8,Bien informado,1,Nuevo,Persona física,Persona física,Estado de México,Estado de México,Centro,16.99,114.0,Bajo,19.4969,-99.7233,Centro,Persona física
2025-04-07 12:13:39,2025-04-07,4,Monday,0,12,Tarde,3,5,4,4,5.0,4,4,4,3,4,4,4,4.0,4.33,4.0,3.75,4.02,8,Alto,9,Promotor,4,Bueno,7,Parcialmente informado,5,Establecido,Educación,Supervisor,Coahuila,Coahuila,Norte,3.15,263.0,Alto,27.0587,-101.7068,Norte,Educación
2025-04-07 12:20:57,2025-04-07,4,Monday,0,12,Tarde,2,4,4,4,3.0,4,3,4,3,3,3,4,3.0,3.67,3.67,3.25,3.4,8,Alto,8,Pasivo,4,Bueno,8,Bien informado,2,Nuevo,Empresa,Supervisor,Coahuila,Coahuila,Norte,3.15,263.0,Alto,27.0587,-101.7068,Norte,Empresa
2025-04-07 12:24:09,2025-04-07,4,Monday,0,12,Tarde,5,4,5,4,4.0,4,5,4,3,4,4,4,4.5,4.33,4.33,3.75,4.23,7,Medio,9,Promotor,5,Bueno,7,Parcialmente informado,4,Establecido,Educación,Director,Guanajuato,Guanajuato,Bajío,6.17,157.0,Medio,21.019,-101.2574,Centro,Educación
2025-04-07 12:30:51,2025-04-07,4,Monday,0,12,Tarde,4,3,4,3,3.0,3,4,4,5,4,3,3,3.5,3.33,3.67,3.75,3.56,6,Medio,8,Pasivo,3,Regular,7,Parcialmente informado,2,Nuevo,Empresa,Dueño,Hidalgo,Hidalgo,Centro,3.08,115.0,Bajo,20.0911,-98.7624,Centro,Empresa
2025-04-07 12:31:46,2025-04-07,4,Monday,0,12,Tarde,4,4,4,4,3.0,5,4,3,3,3,3,4,4.0,3.67,4.0,3.25,3.73,8,Alto,9,Promotor,4,Bueno,8,Bien informado,4,Establecido,Empresa,Supervisor,Hidalgo,Hidalgo,Centro,3.08,115.0,Bajo,20.0911,-98.7624,Centro,Empresa
2025-04-07 12:45:41,2025-04-07,4,Monday,0,12,Tarde,3,4,3,3,4.0,2,3,3,4,4,4,3,3.5,3.33,2.67,3.75,3.31,7,Medio,8,Pasivo,3,Regular,7,Parcialmente informado,5,Establecido,Educación,Coordinador,Estado de México,Estado de México,Centro,16.99,114.0,Bajo,19.4969,-99.7233,Centro,Educación
2025-04-07 12:48:42,2025-04-07,4,Monday,0,12,Tarde,3,3,3,3,2.0,3,3,2,3,3,4,2,3.0,2.67,2.67,3.0,2.84,6,Medio,9,Promotor,3,Regular,7,Parcialmente informado,2,Nuevo,Persona física,Dueño,Coahuila,Coahuila,Norte,3.15,263.0,Alto,27.0587,-101.7068,Norte,Persona física
2025-04-07 12:58:17,2025-04-07,4,Monday,0,12,Tarde,2,4,4,3,4.0,4,3,4,3,3,4,3,3.0,3.67,3.67,3.25,3.4,6,Medio,8,Pasivo,4,Bueno,7,Parcialmente informado,1,Nuevo,Empresa,Asistente,Guanajuato,Guanajuato,Bajío,6.17,157.0,Medio,21.019,-101.2574,Centro,Empresa
2025-04-07 12:58:36,2025-04-07,4,Monday,0,12,Tarde,2,5,4,5,4.0,3,4,5,4,4,5,4,3.5,4.33,4.0,4.25,4.02,9,Alto,9,Promotor,4,Bueno,9,Bien informado,4,Establecido,Teletón (Grupos internos de la Fundación),Persona física,Estado de México,Estado de México,Centro,16.99,114.0,Bajo,19.4969,-99.7233,Centro,Teletón (Grupos internos de la Fundación)
2025-04-07 13:17:40,2025-04-07,4,Monday,0,13,Tarde,3,4,4,3,,3,3,3,4,3,5,3,3.5,3.5,3.0,3.75,3.44,7,Medio,8,Pasivo,3,Regular,7,Parcialmente informado,1,Nuevo,Empresa,Coordinador,Ciudad de México,Ciudad de México,Centro,9.21,394.0,Alto,19.4326,-99.1332,Centro,Empresa
2025-04-07 13:20:41,2025-04-07,4,Monday,0,13,Tarde,4,2,2,3,3.0,2,3,4,4,4,4,4,3.0,2.67,3.0,4.0,3.17,7,Medio,8,Pasivo,3,Regular,7,Parcialmente informado,5,Establecido,Educación,Director,Estado de México,Estado de México,Centro,16.99,114.0,Bajo,19.4969,-99.7233,Centro,Educación
2025-04-07 13:23:28,2025-04-07,4,Monday,0,13,Tarde,4,3,3,3,4.0,4,3,4,3,4,4,3,3.5,3.33,3.67,3.5,3.5,7,Medio,9,Promotor,3,Regular,7,Parcialmente informado,2,Nuevo,Gubernamental,Persona física,Hidalgo,Hidalgo,Centro,3.08,115.0,Bajo,20.0911,-98.7624,Centro,Gubernamental
2025-04-07 13:24:00,2025-04-07,4,Monday,0,13,Tarde,4,3,4,3,3.0,4,4,3,4,4,3,4,3.5,3.33,3.67,3.75,3.56,7,Medio,8,Pasivo,4,Bueno,8,Bien informado,1,Nuevo,Asociación civil,Coordinador,Estado de México,Estado de México,Centro,16.99,114.0,Bajo,19.4969,-99.7233,Centro,Asoc. Civil
2025-04-07 13:44:52,2025-04-07,4,Monday,0,13,Tarde,3,4,4,4,4.0,3,4,5,4,4,4,4,3.5,4.0,4.0,4.0,3.88,8,Alto,8,Pasivo,3,Regular,7,Parcialmente informado,7,Veterano,Persona física,Persona física,Estado de México,Estado de México,Centro,16.99,114.0,Bajo,19.4969,-99.7233,Centro,Persona física
2025-04-07 13:45:03,2025-04-07,4,Monday,0,13,Tarde,2,4,4,3,3.0,3,3,4,3,3,2,3,3.0,3.33,3.33,2.75,3.1,7,Medio,8,Pasivo,4,Bueno,7,Parcialmente informado,6,Veterano,Educación,Director,Estado de México,Estado de México,Centro,16.99,114.0,Bajo,19.4969,-99.7233,Centro,Educación
2025-04-07 13:51:08,2025-04-07,4,Monday,0,13,Tarde,4,4,4,4,3.0,3,4,4,4,3,3,4,4.0,3.67,3.67,3.5,3.71,8,Alto,8,Pasivo,4,Bueno,8,Bien informado,5,Establecido,Educación,Persona física,Estado de México,Estado de México,Centro,16.99,114.0,Bajo,19.4969,-99.7233,Centro,Educación
2025-04-07 13:58:13,2025-04-07,4,Monday,0,13,Tarde,3,5,5,4,4.0,4,5,3,4,4,3,4,4.0,4.33,4.0,3.75,4.02,8,Alto,8,Pasivo,4,Bueno,5,Parcialmente informado,5,Establecido,Teletón (Grupos internos de la Fundación),Persona física,Estado de México,Estado de México,Centro,16.99,114.0,Bajo,19.4969,-99.7233,Centro,Teletón (Grupos internos de la Fundación)
2025-04-07 14:05:30,2025-04-07,4,Monday,0,14,Tarde,2,3,3,3,3.0,3,4,3,5,4,5,4,2.5,3.0,3.33,4.5,3.33,7,Medio,8,Pasivo,3,Regular,7,Parcialmente informado,5,Establecido,Teletón (Grupos internos de la Fundación),Persona física,Estado de México,Estado de México,Centro,16.99,114.0,Bajo,19.4969,-99.7233,Centro,Teletón (Grupos internos de la Fundación)
2025-04-07 14:06:09,2025-04-07,4,Monday,0,14,Tarde,3,3,3,3,4.0,4,3,4,4,4,4,3,3.0,3.33,3.67,3.75,3.44,7,Medio,9,Promotor,3,Regular,8,Bien informado,4,Establecido,Educación,Director,Estado de México,Estado de México,Centro,16.99,114.0,Bajo,19.4969,-99.7233,Centro,Educación
2025-04-07 14:20:59,2025-04-07,4,Monday,0,14,Tarde,3,4,4,4,4.0,2,5,4,4,4,3,3,3.5,4.0,3.67,3.5,3.67,7,Medio,8,Pasivo,3,Regular,8,Bien informado,1,Nuevo,Educación,Persona física,Estado de México,Estado de México,Centro,16.99,114.0,Bajo,19.4969,-99.7233,Centro,Educación
2025-04-07 14:27:26,2025-04-07,4,Monday,0,14,Tarde,4,4,5,3,4.0,4,5,4,4,3,4,4,4.0,4.0,4.33,3.75,4.02,8,Alto,8,Pasivo,4,Bueno,8,Bien informado,1,Nuevo,Teletón (Grupos internos de la Fundación),Persona física,Estado de México,Estado de México,Centro,16.99,114.0,Bajo,19.4969,-99.7233,Centro,Teletón (Grupos internos de la Fundación)
2025-04-07 14:30:46,2025-04-07,4,Monday,0,14,Tarde,5,5,4,4,5.0,5,4,4,4,4,5,4,5.0,4.33,4.33,4.25,4.48,9,Alto,8,Pasivo,4,Bueno,9,Bien informado,1,Nuevo,Teletón (Grupos internos de la Fundación),Persona física,Estado de México,Estado de México,Centro,16.99,114.0,Bajo,19.4969,-99.7233,Centro,Teletón (Grupos internos de la Fundación)
2025-04-07 14:32:40,2025-04-07,4,Monday,0,14,Tarde,4,5,5,4,4.0,5,4,4,4,3,4,4,4.5,4.33,4.33,3.75,4.23,8,Alto,8,Pasivo,4,Bueno,9,Bien informado,2,Nuevo,Persona física,Persona física,Estado de México,Estado de México,Centro,16.99,114.0,Bajo,19.4969,-99.7233,Centro,Persona física
2025-04-07 15:08:53,2025-04-07,4,Monday,0,15,Tarde,3,3,3,3,4.0,4,3,4,4,4,3,3,3.0,3.33,3.67,3.5,3.38,8,Alto,8,Pasivo,3,Regular,7,Parcialmente informado,10,Veterano,Educación,Asistente,Guanajuato,Guanajuato,Bajío,6.17,157.0,Medio,21.019,-101.2574,Centro,Educación
2025-04-07 15:35:33,2025-04-07,4,Monday,0,15,Tarde,2,3,4,3,3.0,3,4,3,3,4,4,4,2.5,3.33,3.33,3.75,3.23,7,Medio,8,Pasivo,3,Regular,8,Bien informado,1,Nuevo,Teletón (Grupos internos de la Fundación),Persona física,Estado de México,Estado de México,Centro,16.99,114.0,Bajo,19.4969,-99.7233,Centro,Teletón (Grupos internos de la Fundación)
2025-04-07 15:36:45,2025-04-07,4,Monday,0,15,Tarde,4,2,3,3,2.0,4,3,3,4,4,3,4,3.0,2.67,3.33,3.75,3.19,7,Medio,9,Promotor,4,Bueno,7,Parcialmente informado,2,Nuevo,Educación,Coordinador,Estado de México,Estado de México,Centro,16.99,114.0,Bajo,19.4969,-99.7233,Centro,Educación
2025-04-07 15:39:52,2025-04-07,4,Monday,0,15,Tarde,4,4,3,3,3.0,3,4,4,4,5,4,4,4.0,3.0,3.67,4.25,3.73,7,Medio,8,Pasivo,3,Regular,8,Bien informado,1,Nuevo,Teletón (Grupos internos de la Fundación),Persona física,Estado de México,Estado de México,Centro,16.99,114.0,Bajo,19.4969,-99.7233,Centro,Teletón (Grupos internos de la Fundación)
2025-04-07 16:20:17,2025-04-07,4,Monday,0,16,Tarde,5,4,3,3,4.0,4,4,3,5,4,4,4,4.5,3.33,3.67,4.25,3.94,7,Medio,9,Promotor,4,Bueno,8,Bien informado,2,Nuevo,Persona física,Persona física,Estado de México,Estado de México,Centro,16.99,114.0,Bajo,19.4969,-99.7233,Centro,Persona física
2025-04-07 16:26:51,2025-04-07,4,Monday,0,16,Tarde,5,3,4,4,4.0,3,3,4,4,3,4,4,4.0,4.0,3.33,3.75,3.77,9,Alto,8,Pasivo,4,Bueno,9,Bien informado,15,Veterano,Teletón (Grupos internos de la Fundación),Gerente,Guerrero,Guerrero,Sur,3.54,79.0,Bajo,17.4392,-99.5451,Sur,Teletón (Grupos internos de la Fundación)
2025-04-07 16:37:20,2025-04-07,4,Monday,0,16,Tarde,4,4,4,4,5.0,4,4,4,4,3,4,4,4.0,4.33,4.0,3.75,4.02,9,Alto,8,Pasivo,4,Bueno,9,Bien informado,3,Establecido,Empresa,Supervisor,Ciudad de México,Ciudad de México,Centro,9.21,394.0,Alto,19.4326,-99.1332,Centro,Empresa
2025-04-07 16:38:44,2025-04-07,4,Monday,0,16,Tarde,3,4,3,3,4.0,4,3,4,4,4,4,4,3.5,3.33,3.67,4.0,3.62,7,Medio,8,Pasivo,3,Regular,7,Parcialmente informado,1,Nuevo,Persona física,Persona física,Estado de México,Estado de México,Centro,16.99,114.0,Bajo,19.4969,-99.7233,Centro,Persona física
2025-04-07 16:54:18,2025-04-07,4,Monday,0,16,Tarde,3,3,3,3,2.0,3,3,4,4,5,4,2,3.0,2.67,3.33,3.75,3.19,6,Medio,8,Pasivo,3,Regular,7,Parcialmente informado,1,Nuevo,Empresa,Director,Hidalgo,Hidalgo,Centro,3.08,115.0,Bajo,20.0911,-98.7624,Centro,Empresa
2025-04-07 16:57:41,2025-04-07,4,Monday,0,16,Tarde,4,3,4,3,3.0,4,4,3,4,5,5,4,3.5,3.33,3.67,4.5,3.75,7,Medio,9,Promotor,4,Bueno,7,Parcialmente informado,8,Veterano,Persona física,Persona física,Estado de México,Estado de México,Centro,16.99,114.0,Bajo,19.4969,-99.7233,Centro,Persona física
2025-04-07 17:04:48,2025-04-07,4,Monday,0,17,Tarde,4,5,4,5,5.0,5,4,4,5,5,4,4,4.5,4.67,4.33,4.5,4.5,9,Alto,9,Promotor,4,Bueno,9,Bien informado,4,Establecido,Empresa,Gerente,Guerrero,Guerrero,Sur,3.54,79.0,Bajo,17.4392,-99.5451,Sur,Empresa
2025-04-07 18:03:06,2025-04-07,4,Monday,0,18,Noche,4,5,4,4,5.0,5,4,4,5,4,4,5,4.5,4.33,4.33,4.5,4.42,8,Alto,8,Pasivo,4,Bueno,8,Bien informado,1,Nuevo,Educación,Director,Estado de México,Estado de México,Centro,16.99,114.0,Bajo,19.4969,-99.7233,Centro,Educación
2025-04-07 18:05:35,2025-04-07,4,Monday,0,18,Noche,3,4,3,4,4.0,4,3,3,3,4,3,3,3.5,3.67,3.33,3.25,3.44,7,Medio,7,Pasivo,4,Bueno,7,Parcialmente informado,2,Nuevo,Teletón (Grupos internos de la Fundación),Asistente,Estado de México,Estado de México,Centro,16.99,114.0,Bajo,19.4969,-99.7233,Centro,Teletón (Grupos internos de la Fundación)
2025-04-07 18:17:34,2025-04-07,4,Monday,0,18,Noche,2,3,4,3,3.0,4,4,3,4,4,4,3,2.5,3.33,3.67,3.75,3.31,7,Medio,8,Pasivo,3,Regular,7,Parcialmente informado,2,Nuevo,Persona física,Persona física,Ciudad de México,Ciudad de México,Centro,9.21,394.0,Alto,19.4326,-99.1332,Centro,Persona física
2025-04-07 19:31:43,2025-04-07,4,Monday,0,19,Noche,4,4,3,4,4.0,3,4,4,3,4,4,4,4.0,3.67,3.67,3.75,3.77,6,Medio,9,Promotor,3,Regular,7,Parcialmente informado,3,Establecido,Gubernamental,Persona física,Guanajuato,Guanajuato,Bajío,6.17,157.0,Medio,21.019,-101.2574,Centro,Gubernamental
2025-04-07 20:38:18,2025-04-07,4,Monday,0,20,Noche,5,4,4,4,3.0,3,4,4,4,5,4,4,4.5,3.67,3.67,4.25,4.02,8,Alto,8,Pasivo,4,Bueno,8,Bien informado,10,Veterano,Educación,Dueño,Hidalgo,Hidalgo,Centro,3.08,115.0,Bajo,20.0911,-98.7624,Centro,Educación
2025-04-07 22:01:28,2025-04-07,4,Monday,0,22,Noche,4,4,4,4,4.0,4,4,3,4,4,5,4,4.0,4.0,3.67,4.25,3.98,8,Alto,8,Pasivo,4,Bueno,7,Parcialmente informado,25,Veterano,Persona física,Persona física,Estado de México,Estado de México,Centro,16.99,114.0,Bajo,19.4969,-99.7233,Centro,Persona física
2025-04-08 09:00:17,2025-04-08,4,Tuesday,1,9,Mañana,4,3,3,3,4.0,3,3,4,5,4,4,4,3.5,3.33,3.33,4.25,3.6,7,Medio,8,Pasivo,4,Bueno,8,Bien informado,3,Establecido,Teletón (Grupos internos de la Fundación),Persona física,Estado de México,Estado de México,Centro,16.99,114.0,Bajo,19.4969,-99.7233,Centro,Teletón (Grupos internos de la Fundación)
2025-04-08 09:02:25,2025-04-08,4,Tuesday,1,9,Mañana,5,5,5,4,4.0,5,4,4,3,4,4,5,5.0,4.33,4.33,4.0,4.42,9,Alto,9,Promotor,5,Bueno,9,Bien informado,1,Nuevo,Empresa,Supervisor,Coahuila,Coahuila,Norte,3.15,263.0,Alto,27.0587,-101.7068,Norte,Empresa
2025-04-08 09:03:54,2025-04-08,4,Tuesday,1,9,Mañana,4,4,4,5,4.0,5,4,5,5,5,5,5,4.0,4.33,4.67,5.0,4.5,10,Alto,10,Promotor,5,Bueno,10,Bien informado,1,Nuevo,Asociación civil,Persona física,Oaxaca,Oaxaca,Sur,4.13,73.0,Bajo,17.0732,-96.7266,Sur,Asoc. Civil
2025-04-08 09:04:47,2025-04-08,4,Tuesday,1,9,Mañana,5,4,5,5,5.0,3,5,4,4,4,5,4,4.5,5.0,4.0,4.25,4.44,9,Alto,9,Promotor,5,Bueno,10,Bien informado,1,Nuevo,Teletón (Grupos internos de la Fundación),Persona física,Guerrero,Guerrero,Sur,3.54,79.0,Bajo,17.4392,-99.5451,Sur,Teletón (Grupos internos de la Fundación)
2025-04-08 09:05:08,2025-04-08,4,Tuesday,1,9,Mañana,4,4,4,4,4.0,3,3,5,5,5,4,4,4.0,4.0,3.67,4.5,4.04,8,Alto,9,Promotor,5,Bueno,9,Bien informado,23,Veterano,Asociación civil,Persona física,Puebla,Puebla,Centro,6.58,113.0,Bajo,19.0414,-98.2063,Centro,Asoc. Civil
2025-04-08 09:05:12,2025-04-08,4,Tuesday,1,9,Mañana,4,3,3,4,4.0,3,3,4,4,4,4,5,3.5,3.67,3.33,4.25,3.69,8,Alto,8,Pasivo,4,Bueno,8,Bien informado,1,Nuevo,Teletón (Grupos internos de la Fundación),Persona física,Guerrero,Guerrero,Sur,3.54,79.0,Bajo,17.4392,-99.5451,Sur,Teletón (Grupos internos de la Fundación)
2025-04-08 09:14:34,2025-04-08,4,Tuesday,1,9,Mañana,4,4,4,4,3.0,3,4,4,4,5,4,4,4.0,3.67,3.67,4.25,3.9,8,Alto,9,Promotor,5,Bueno,9,Bien informado,1,Nuevo,Asociación civil,Director,Oaxaca,Oaxaca,Sur,4.13,73.0,Bajo,17.0732,-96.7266,Sur,Asoc. Civil
2025-04-08 09:22:02,2025-04-08,4,Tuesday,1,9,Mañana,1,2,2,2,1.0,2,1,1,3,2,4,2,1.5,1.67,1.33,2.75,1.81,8,Alto,9,Promotor,2,Deficiente,8,Bien informado,1,Nuevo,Gubernamental,Director,Oaxaca,Oaxaca,Sur,4.13,73.0,Bajo,17.0732,-96.7266,Sur,Gubernamental
2025-04-08 09:40:54,2025-04-08,4,Tuesday,1,9,Mañana,3,3,3,3,4.0,4,3,4,4,3,5,4,3.0,3.33,3.67,4.0,3.5,6,Medio,8,Pasivo,3,Regular,7,Parcialmente informado,3,Establecido,Persona física,Persona física,Estado de México,Estado de México,Centro,16.99,114.0,Bajo,19.4969,-99.7233,Centro,Persona física
2025-04-08 09:57:37,2025-04-08,4,Tuesday,1,9,Mañana,2,4,3,3,3.0,4,2,2,4,5,4,3,3.0,3.0,2.67,4.0,3.17,6,Medio,6,Detractor,3,Regular,7,Parcialmente informado,3,Establecido,Persona física,Persona física,Estado de México,Estado de México,Centro,16.99,114.0,Bajo,19.4969,-99.7233,Centro,Persona física
2025-04-08 10:17:48,2025-04-08,4,Tuesday,1,10,Mañana,4,4,4,4,3.0,4,4,5,5,4,3,4,4.0,3.67,4.33,4.0,4.0,8,Alto,8,Pasivo,4,Bueno,7,Parcialmente informado,4,Establecido,Teletón (Grupos internos de la Fundación),Persona física,Estado de México,Estado de México,Centro,16.99,114.0,Bajo,19.4969,-99.7233,Centro,Teletón (Grupos internos de la Fundación)
2025-04-08 10:24:36,2025-04-08,4,Tuesday,1,10,Mañana,4,4,3,3,4.0,4,3,4,4,5,4,3,4.0,3.33,3.67,4.0,3.75,7,Medio,8,Pasivo,3,Regular,8,Bien informado,4,Establecido,Educación,Director,Michoacán,Michoacán,Occidente,4.75,107.0,Bajo,19.5665,-101.7068,Occidente,Educación
2025-04-08 10:31:25,2025-04-08,4,Tuesday,1,10,Mañana,4,3,4,4,3.0,3,4,4,4,5,4,4,3.5,3.67,3.67,4.25,3.77,7,Medio,9,Promotor,4,Bueno,8,Bien informado,4,Establecido,Persona física,Asistente,Tamaulipas,Tamaulipas,Noreste,3.53,182.0,Medio,24.2669,-98.8363,Norte,Persona física
2025-04-08 10:32:20,2025-04-08,4,Tuesday,1,10,Mañana,5,4,5,5,4.0,4,5,4,4,5,4,4,4.5,4.67,4.33,4.25,4.44,8,Alto,8,Pasivo,4,Bueno,7,Parcialmente informado,3,Establecido,Educación,Coordinador,Aguascalientes,Aguascalientes,Centro-Norte,1.43,198.0,Medio,21.8853,-102.2916,Centro,Educación
2025-04-08 10:34:27,2025-04-08,4,Tuesday,1,10,Mañana,4,5,5,5,4.0,4,5,3,4,4,3,4,4.5,4.67,4.0,3.75,4.23,8,Alto,9,Promotor,3,Regular,8,Bien informado,4,Establecido,Educación,Director,Aguascalientes,Aguascalientes,Centro-Norte,1.43,198.0,Medio,21.8853,-102.2916,Centro,Educación
2025-04-08 10:42:15,2025-04-08,4,Tuesday,1,10,Mañana,3,4,3,3,4.0,4,3,3,5,5,4,4,3.5,3.33,3.33,4.5,3.66,8,Alto,9,Promotor,4,Bueno,10,Bien informado,8,Veterano,Persona física,Persona física,San Luis Potosí,San Luis Potosí,Centro-Norte,2.82,161.0,Medio,22.1565,-100.9855,Centro,Persona física
2025-04-08 10:53:28,2025-04-08,4,Tuesday,1,10,Mañana,3,4,4,4,3.0,3,4,3,5,4,4,4,3.5,3.67,3.33,4.25,3.69,7,Medio,8,Pasivo,3,Regular,8,Bien informado,2,Nuevo,Teletón (Grupos internos de la Fundación),Persona física,Estado de México,Estado de México,Centro,16.99,114.0,Bajo,19.4969,-99.7233,Centro,Teletón (Grupos internos de la Fundación)
2025-04-08 11:12:10,2025-04-08,4,Tuesday,1,11,Mañana,4,3,4,3,4.0,4,3,4,4,3,4,4,3.5,3.67,3.67,3.75,3.65,8,Alto,7,Pasivo,3,Regular,4,Desinformado,1,Nuevo,Persona física,Persona física,Estado de México,Estado de México,Centro,16.99,114.0,Bajo,19.4969,-99.7233,Centro,Persona física
2025-04-08 11:24:50,2025-04-08,4,Tuesday,1,11,Mañana,4,3,4,4,4.0,4,4,4,4,4,3,3,3.5,4.0,4.0,3.5,3.75,7,Medio,8,Pasivo,3,Regular,9,Bien informado,15,Veterano,Persona física,Persona física,Estado de México,Estado de México,Centro,16.99,114.0,Bajo,19.4969,-99.7233,Centro,Persona física
2025-04-08 11:49:36,2025-04-08,4,Tuesday,1,11,Mañana,4,3,4,3,3.0,3,4,4,3,3,3,4,3.5,3.33,3.67,3.25,3.44,8,Alto,9,Promotor,3,Regular,8,Bien informado,1,Nuevo,Gubernamental,Director,Oaxaca,Oaxaca,Sur,4.13,73.0,Bajo,17.0732,-96.7266,Sur,Gubernamental
2025-04-08 11:50:44,2025-04-08,4,Tuesday,1,11,Mañana,3,2,3,3,3.0,4,4,3,4,5,4,3,2.5,3.0,3.67,4.0,3.29,7,Medio,8,Pasivo,3,Regular,8,Bien informado,10,Veterano,Educación,Coordinador,Aguascalientes,Aguascalientes,Centro-Norte,1.43,198.0,Medio,21.8853,-102.2916,Centro,Educación
2025-04-08 12:00:32,2025-04-08,4,Tuesday,1,12,Tarde,4,2,3,3,3.0,4,3,3,4,4,3,3,3.0,3.0,3.33,3.5,3.21,7,Medio,8,Pasivo,3,Regular,7,Parcialmente informado,6,Veterano,Educación,Coordinador,Aguascalientes,Aguascalientes,Centro-Norte,1.43,198.0,Medio,21.8853,-102.2916,Centro,Educación
2025-04-08 12:00:43,2025-04-08,4,Tuesday,1,12,Tarde,4,3,3,4,3.0,4,4,3,5,4,4,3,3.5,3.33,3.67,4.0,3.62,8,Alto,8,Pasivo,4,Bueno,8,Bien informado,3,Establecido,Educación,Asistente,Sonora,Sonora,Noroeste,2.94,219.0,Alto,29.2972,-110.3309,Norte,Educación
2025-04-08 12:01:00,2025-04-08,4,Tuesday,1,12,Tarde,2,3,4,3,3.0,4,4,3,4,4,3,2,2.5,3.33,3.67,3.25,3.19,7,Medio,8,Pasivo,2,Deficiente,8,Bien informado,1,Nuevo,Asociación civil,Coordinador,Oaxaca,Oaxaca,Sur,4.13,73.0,Bajo,17.0732,-96.7266,Sur,Asoc. Civil
2025-04-08 12:15:25,2025-04-08,4,Tuesday,1,12,Tarde,3,3,3,3,3.0,4,4,4,4,4,4,3,3.0,3.0,4.0,3.75,3.44,8,Alto,9,Promotor,3,Regular,7,Parcialmente informado,17,Veterano,Educación,Asistente,Sonora,Sonora,Noroeste,2.94,219.0,Alto,29.2972,-110.3309,Norte,Educación
2025-04-08 13:01:48,2025-04-08,4,Tuesday,1,13,Tarde,5,4,3,4,4.0,3,3,3,5,4,4,3,4.5,3.67,3.0,4.0,3.79,7,Medio,8,Pasivo,3,Regular,7,Parcialmente informado,1,Nuevo,Empresa,Gerente,Aguascalientes,Aguascalientes,Centro-Norte,1.43,198.0,Medio,21.8853,-102.2916,Centro,Empresa
2025-04-08 13:51:24,2025-04-08,4,Tuesday,1,13,Tarde,4,4,4,3,3.0,4,4,4,4,4,4,3,4.0,3.33,4.0,3.75,3.77,7,Medio,9,Promotor,4,Bueno,8,Bien informado,1,Nuevo,Gubernamental,Director,Aguascalientes,Aguascalientes,Centro-Norte,1.43,198.0,Medio,21.8853,-102.2916,Centro,Gubernamental
2025-04-08 14:03:27,2025-04-08,4,Tuesday,1,14,Tarde,4,4,3,4,4.0,4,4,3,4,3,4,4,4.0,3.67,3.67,3.75,3.77,8,Alto,8,Pasivo,4,Bueno,8,Bien informado,2,Nuevo,Educación,Director,Guerrero,Guerrero,Sur,3.54,79.0,Bajo,17.4392,-99.5451,Sur,Educación
2025-04-08 14:04:43,2025-04-08,4,Tuesday,1,14,Tarde,3,4,3,3,4.0,4,5,4,4,4,4,3,3.5,3.33,4.33,3.75,3.73,8,Alto,9,Promotor,4,Bueno,8,Bien informado,5,Establecido,Educación,Director,Coahuila,Coahuila,Norte,3.15,263.0,Alto,27.0587,-101.7068,Norte,Educación
2025-04-08 14:12:36,2025-04-08,4,Tuesday,1,14,Tarde,4,3,3,2,3.0,5,5,4,4,4,4,3,3.5,2.67,4.67,3.75,3.65,7,Medio,9,Promotor,3,Regular,8,Bien informado,20,Veterano,Educación,Asistente,Sonora,Sonora,Noroeste,2.94,219.0,Alto,29.2972,-110.3309,Norte,Educación
2025-04-08 14:19:57,2025-04-08,4,Tuesday,1,14,Tarde,4,3,4,3,3.0,3,3,4,4,4,4,3,3.5,3.33,3.33,3.75,3.48,6,Medio,9,Promotor,3,Regular,7,Parcialmente informado,5,Establecido,Persona física,Persona física,Tamaulipas,Tamaulipas,Noreste,3.53,182.0,Medio,24.2669,-98.8363,Norte,Persona física
2025-04-08 14:24:39,2025-04-08,4,Tuesday,1,14,Tarde,5,3,3,4,4.0,4,4,4,4,3,3,4,4.0,3.67,4.0,3.5,3.79,8,Alto,8,Pasivo,4,Bueno,8,Bien informado,2,Nuevo,Educación,Director,Guerrero,Guerrero,Sur,3.54,79.0,Bajo,17.4392,-99.5451,Sur,Educación
2025-04-08 14:34:26,2025-04-08,4,Tuesday,1,14,Tarde,5,4,4,3,4.0,4,3,3,4,3,4,4,4.5,3.67,3.33,3.75,3.81,8,Alto,8,Pasivo,3,Regular,4,Desinformado,8,Veterano,Gubernamental,Persona física,Oaxaca,Oaxaca,Sur,4.13,73.0,Bajo,17.0732,-96.7266,Sur,Gubernamental
2025-04-08 14:57:23,2025-04-08,4,Tuesday,1,14,Tarde,4,4,4,4,4.0,4,4,3,4,4,3,3,4.0,4.0,3.67,3.5,3.79,7,Medio,8,Pasivo,3,Regular,9,Bien informado,1,Nuevo,Empresa,Dueño,Sonora,Sonora,Noroeste,2.94,219.0,Alto,29.2972,-110.3309,Norte,Empresa
2025-04-08 15:01:51,2025-04-08,4,Tuesday,1,15,Tarde,3,3,4,3,3.0,3,4,4,4,5,4,4,3.0,3.33,3.67,4.25,3.56,8,Alto,8,Pasivo,3,Regular,8,Bien informado,1,Nuevo,Empresa,Coordinador,Sonora,Sonora,Noroeste,2.94,219.0,Alto,29.2972,-110.3309,Norte,Empresa
2025-04-08 15:16:53,2025-04-08,4,Tuesday,1,15,Tarde,4,4,3,3,3.0,4,4,3,3,4,3,3,4.0,3.0,3.67,3.25,3.48,7,Medio,8,Pasivo,3,Regular,8,Bien informado,1,Nuevo,Empresa,Director,Aguascalientes,Aguascalientes,Centro-Norte,1.43,198.0,Medio,21.8853,-102.2916,Centro,Empresa
2025-04-08 15:23:57,2025-04-08,4,Tuesday,1,15,Tarde,3,3,3,3,4.0,4,5,4,4,4,4,3,3.0,3.33,4.33,3.75,3.6,8,Alto,9,Promotor,4,Bueno,8,Bien informado,2,Nuevo,Persona física,Dueño,Sonora,Sonora,Noroeste,2.94,219.0,Alto,29.2972,-110.3309,Norte,Persona física
2025-04-08 16:35:11,2025-04-08,4,Tuesday,1,16,Tarde,5,4,3,4,4.0,3,3,3,4,4,4,3,4.5,3.67,3.0,3.75,3.73,7,Medio,8,Pasivo,3,Regular,7,Parcialmente informado,1,Nuevo,Educación,Director,Estado de México,Estado de México,Centro,16.99,114.0,Bajo,19.4969,-99.7233,Centro,Educación
2025-04-08 17:09:11,2025-04-08,4,Tuesday,1,17,Tarde,5,5,4,4,4.0,5,3,4,5,4,5,5,5.0,4.0,4.0,4.75,4.44,8,Alto,9,Promotor,4,Bueno,9,Bien informado,3,Establecido,Educación,Gerente,Sonora,Sonora,Noroeste,2.94,219.0,Alto,29.2972,-110.3309,Norte,Educación
2025-04-08 17:46:03,2025-04-08,4,Tuesday,1,17,Tarde,4,4,3,4,4.0,4,4,4,5,4,4,4,4.0,3.67,4.0,4.25,3.98,8,Alto,8,Pasivo,4,Bueno,8,Bien informado,3,Establecido,Educación,Asistente,Sonora,Sonora,Noroeste,2.94,219.0,Alto,29.2972,-110.3309,Norte,Educación
2025-04-08 17:59:35,2025-04-08,4,Tuesday,1,17,Tarde,5,3,3,4,3.0,4,4,3,5,4,4,3,4.0,3.33,3.67,4.0,3.75,8,Alto,9,Promotor,4,Bueno,8,Bien informado,10,Veterano,Gubernamental,Coordinador,Hidalgo,Hidalgo,Centro,3.08,115.0,Bajo,20.0911,-98.7624,Centro,Gubernamental
2025-04-08 18:07:36,2025-04-08,4,Tuesday,1,18,Noche,4,3,4,3,3.0,4,4,3,3,4,3,2,3.5,3.33,3.67,3.0,3.38,7,Medio,9,Promotor,2,Deficiente,8,Bien informado,5,Establecido,Gubernamental,Asistente,Aguascalientes,Aguascalientes,Centro-Norte,1.43,198.0,Medio,21.8853,-102.2916,Centro,Gubernamental
2025-04-08 18:07:58,2025-04-08,4,Tuesday,1,18,Noche,5,4,3,3,4.0,4,3,3,4,3,4,4,4.5,3.33,3.33,3.75,3.73,8,Alto,9,Promotor,4,Bueno,10,Bien informado,2,Nuevo,Educación,Director,Ciudad de México,Ciudad de México,Centro,9.21,394.0,Alto,19.4326,-99.1332,Centro,Educación
2025-04-08 18:10:32,2025-04-08,4,Tuesday,1,18,Noche,5,3,3,4,3.0,3,4,4,4,3,3,4,4.0,3.33,3.67,3.5,3.62,8,Alto,8,Pasivo,4,Bueno,8,Bien informado,9,Veterano,Teletón (Grupos internos de la Fundación),Persona física,Ciudad de México,Ciudad de México,Centro,9.21,394.0,Alto,19.4326,-99.1332,Centro,Teletón (Grupos internos de la Fundación)
2025-04-08 18:17:04,2025-04-08,4,Tuesday,1,18,Noche,4,4,3,3,4.0,4,3,3,4,3,4,4,4.0,3.33,3.33,3.75,3.6,8,Alto,9,Promotor,4,Bueno,10,Bien informado,1,Nuevo,Teletón (Grupos internos de la Fundación),Asistente,Ciudad de México,Ciudad de México,Centro,9.21,394.0,Alto,19.4326,-99.1332,Centro,Teletón (Grupos internos de la Fundación)
2025-04-08 18:19:50,2025-04-08,4,Tuesday,1,18,Noche,4,4,4,4,3.0,3,4,3,4,3,3,4,4.0,3.67,3.33,3.5,3.62,7,Medio,8,Pasivo,3,Regular,8,Bien informado,1,Nuevo,Educación,Coordinador,Estado de México,Estado de México,Centro,16.99,114.0,Bajo,19.4969,-99.7233,Centro,Educación
2025-04-08 18:23:54,2025-04-08,4,Tuesday,1,18,Noche,5,4,3,4,4.0,3,3,3,3,4,4,3,4.5,3.67,3.0,3.5,3.67,7,Medio,9,Promotor,3,Regular,7,Parcialmente informado,7,Veterano,Educación,Coordinador,"Ciudad de México, Morelos",Ciudad de México,Centro,9.21,394.0,Alto,19.4326,-99.1332,Centro,Educación
2025-04-08 18:24:30,2025-04-08,4,Tuesday,1,18,Noche,5,4,4,3,3.0,4,4,4,3,3,4,3,4.5,3.33,4.0,3.25,3.77,7,Medio,9,Promotor,4,Bueno,8,Bien informado,2,Nuevo,Educación,Persona física,Guerrero,Guerrero,Sur,3.54,79.0,Bajo,17.4392,-99.5451,Sur,Educación
2025-04-08 18:32:42,2025-04-08,4,Tuesday,1,18,Noche,4,3,4,4,4.0,4,4,3,4,4,3,3,3.5,4.0,3.67,3.5,3.67,7,Medio,8,Pasivo,3,Regular,9,Bien informado,6,Veterano,Educación,Coordinador,Ciudad de México,Ciudad de México,Centro,9.21,394.0,Alto,19.4326,-99.1332,Centro,Educación
2025-04-08 18:53:10,2025-04-08,4,Tuesday,1,18,Noche,4,4,3,4,4.0,3,3,3,3,4,4,3,4.0,3.67,3.0,3.5,3.54,7,Medio,8,Pasivo,3,Regular,7,Parcialmente informado,1,Nuevo,Gubernamental,Director,Guerrero,Guerrero,Sur,3.54,79.0,Bajo,17.4392,-99.5451,Sur,Gubernamental
2025-04-08 19:33:51,2025-04-08,4,Tuesday,1,19,Noche,4,3,3,3,3.0,3,4,5,4,4,4,5,3.5,3.0,4.0,4.25,3.69,7,Medio,8,Pasivo,4,Bueno,9,Bien informado,3,Establecido,Educación,Coordinador,Ciudad de México,Ciudad de México,Centro,9.21,394.0,Alto,19.4326,-99.1332,Centro,Educación
2025-04-08 19:52:33,2025-04-08,4,Tuesday,1,19,Noche,5,4,3,4,4.0,4,4,3,5,5,4,3,4.5,3.67,3.67,4.25,4.02,8,Alto,8,Pasivo,3,Regular,7,Parcialmente informado,1,Nuevo,Educación,Director,Ciudad de México,Ciudad de México,Centro,9.21,394.0,Alto,19.4326,-99.1332,Centro,Educación
2025-04-08 21:28:04,2025-04-08,4,Tuesday,1,21,Noche,4,4,4,4,3.0,3,2,3,3,4,4,4,4.0,3.67,2.67,3.75,3.52,9,Alto,9,Promotor,4,Bueno,10,Bien informado,1,Nuevo,Educación,Coordinador,Ciudad de México,Ciudad de México,Centro,9.21,394.0,Alto,19.4326,-99.1332,Centro,Educación
2025-04-08 21:42:17,2025-04-08,4,Tuesday,1,21,Noche,4,3,3,4,4.0,3,2,3,3,4,4,4,3.5,3.67,2.67,3.75,3.4,8,Alto,9,Promotor,4,Bueno,8,Bien informado,4,Establecido,Educación,Coordinador,Ciudad de México,Ciudad de México,Centro,9.21,394.0,Alto,19.4326,-99.1332,Centro,Educación
2025-04-08 22:12:09,2025-04-08,4,Tuesday,1,22,Noche,3,4,4,4,3.0,3,4,4,4,5,5,4,3.5,3.67,3.67,4.5,3.84,7,Medio,8,Pasivo,3,Regular,9,Bien informado,1,Nuevo,Asociación civil,Coordinador,Nuevo León,Nuevo León,Noreste,5.78,310.0,Alto,25.5922,-99.9962,Norte,Asoc. Civil
2025-04-08 22:18:12,2025-04-08,4,Tuesday,1,22,Noche,1,1,1,1,1.0,2,1,1,3,4,3,1,1.0,1.0,1.33,2.75,1.52,7,Medio,8,Pasivo,1,Deficiente,9,Bien informado,2,Nuevo,Educación,Coordinador,Sonora,Sonora,Noroeste,2.94,219.0,Alto,29.2972,-110.3309,Norte,Educación
2025-04-08 22:27:10,2025-04-08,4,Tuesday,1,22,Noche,4,3,4,4,4.0,4,4,4,4,4,4,4,3.5,4.0,4.0,4.0,3.88,9,Alto,9,Promotor,4,Bueno,9,Bien informado,10,Veterano,Educación,Director,Sonora,Sonora,Noroeste,2.94,219.0,Alto,29.2972,-110.3309,Norte,Educación
2025-04-08 22:41:41,2025-04-08,4,Tuesday,1,22,Noche,3,4,3,3,4.0,4,3,3,4,4,3,3,3.5,3.33,3.33,3.5,3.42,8,Alto,8,Pasivo,4,Bueno,7,Parcialmente informado,2,Nuevo,Educación,Persona física,Coahuila,Coahuila,Norte,3.15,263.0,Alto,27.0587,-101.7068,Norte,Educación
2025-04-09 01:06:10,2025-04-09,4,Wednesday,2,1,Noche,4,4,3,3,4.0,4,3,3,4,4,3,3,4.0,3.33,3.33,3.5,3.54,7,Medio,8,Pasivo,3,Regular,7,Parcialmente informado,7,Veterano,Persona física,Dueño,Ciudad de México,Ciudad de México,Centro,9.21,394.0,Alto,19.4326,-99.1332,Centro,Persona física
2025-04-09 08:42:54,2025-04-09,4,Wednesday,2,8,Mañana,5,3,3,2,3.0,2,3,2,2,3,3,4,4.0,2.67,2.33,3.0,3.0,6,Medio,9,Promotor,3,Regular,8,Bien informado,2,Nuevo,Persona física,Persona física,Sonora,Sonora,Noroeste,2.94,219.0,Alto,29.2972,-110.3309,Norte,Persona física
2025-04-09 08:48:07,2025-04-09,4,Wednesday,2,8,Mañana,4,3,3,3,3.0,3,3,2,4,4,3,3,3.5,3.0,2.67,3.5,3.17,8,Alto,8,Pasivo,4,Bueno,8,Bien informado,10,Veterano,Educación,Director,Estado de México,Estado de México,Centro,16.99,114.0,Bajo,19.4969,-99.7233,Centro,Educación
2025-04-09 08:50:38,2025-04-09,4,Wednesday,2,8,Mañana,4,4,4,4,3.0,3,4,4,4,3,4,3,4.0,3.67,3.67,3.5,3.71,6,Medio,8,Pasivo,4,Bueno,6,Parcialmente informado,1,Nuevo,Asociación civil,Coordinador,Michoacán,Michoacán,Occidente,4.75,107.0,Bajo,19.5665,-101.7068,Occidente,Asoc. Civil
2025-04-09 09:01:47,2025-04-09,4,Wednesday,2,9,Mañana,5,3,4,4,3.0,3,4,4,4,4,5,4,4.0,3.67,3.67,4.25,3.9,8,Alto,8,Pasivo,4,Bueno,8,Bien informado,1,Nuevo,Gubernamental,Director,Guerrero,Guerrero,Sur,3.54,79.0,Bajo,17.4392,-99.5451,Sur,Gubernamental
2025-04-09 09:21:29,2025-04-09,4,Wednesday,2,9,Mañana,4,3,3,2,3.0,3,4,3,4,5,3,3,3.5,2.67,3.33,3.75,3.31,8,Alto,8,Pasivo,3,Regular,8,Bien informado,10,Veterano,Educación,Coordinador,Ciudad de México,Ciudad de México,Centro,9.21,394.0,Alto,19.4326,-99.1332,Centro,Educación
2025-04-09 09:44:44,2025-04-09,4,Wednesday,2,9,Mañana,3,4,4,4,4.0,4,4,4,4,4,4,4,3.5,4.0,4.0,4.0,3.88,9,Alto,8,Pasivo,5,Bueno,8,Bien informado,1,Nuevo,Educación,Coordinador,Ciudad de México,Ciudad de México,Centro,9.21,394.0,Alto,19.4326,-99.1332,Centro,Educación
2025-04-09 10:01:48,2025-04-09,4,Wednesday,2,10,Mañana,4,4,3,3,4.0,3,3,4,3,5,4,3,4.0,3.33,3.33,3.75,3.6,8,Alto,8,Pasivo,3,Regular,8,Bien informado,1,Nuevo,Empresa,Gerente,Baja California Norte,Baja California Norte,,,,,,,,Empresa
2025-04-09 10:06:27,2025-04-09,4,Wednesday,2,10,Mañana,4,3,3,3,4.0,4,3,3,4,4,5,5,3.5,3.33,3.33,4.5,3.66,7,Medio,9,Promotor,4,Bueno,9,Bien informado,4,Establecido,Gubernamental,Director,Michoacán,Michoacán,Occidente,4.75,107.0,Bajo,19.5665,-101.7068,Occidente,Gubernamental
2025-04-09 10:16:11,2025-04-09,4,Wednesday,2,10,Mañana,3,4,4,4,4.0,3,4,4,4,5,4,4,3.5,4.0,3.67,4.25,3.86,9,Alto,8,Pasivo,3,Regular,8,Bien informado,12,Veterano,Educación,Coordinador,Ciudad de México,Ciudad de México,Centro,9.21,394.0,Alto,19.4326,-99.1332,Centro,Educación
2025-04-09 13:23:49,2025-04-09,4,Wednesday,2,13,Tarde,2,4,4,3,4.0,4,4,3,4,4,3,4,3.0,3.67,3.67,3.75,3.52,9,Alto,8,Pasivo,3,Regular,8,Bien informado,3,Establecido,Educación,Director,Sonora,Sonora,Noroeste,2.94,219.0,Alto,29.2972,-110.3309,Norte,Educación
2025-04-09 13:39:41,2025-04-09,4,Wednesday,2,13,Tarde,4,3,3,3,4.0,4,3,4,4,5,5,4,3.5,3.33,3.67,4.5,3.75,9,Alto,8,Pasivo,4,Bueno,8,Bien informado,1,Nuevo,Persona física,Persona física,Estado de México,Estado de México,Centro,16.99,114.0,Bajo,19.4969,-99.7233,Centro,Persona física
2025-04-09 15:35:11,2025-04-09,4,Wednesday,2,15,Tarde,4,3,3,3,4.0,3,3,3,4,4,4,4,3.5,3.33,3.0,4.0,3.46,8,Alto,8,Pasivo,4,Bueno,8,Bien informado,1,Nuevo,Persona física,Persona física,Estado de México,Estado de México,Centro,16.99,114.0,Bajo,19.4969,-99.7233,Centro,Persona física
2025-04-09 15:55:51,2025-04-09,4,Wednesday,2,15,Tarde,3,5,3,4,4.0,4,4,4,4,4,3,4,4.0,3.67,4.0,3.75,3.86,8,Alto,8,Pasivo,4,Bueno,8,Bien informado,1,Nuevo,Asociación civil,Director,Tabasco,Tabasco,Sureste,2.4,180.0,Medio,17.8409,-92.6189,Sureste,Asoc. Civil
2025-04-09 16:00:45,2025-04-09,4,Wednesday,2,16,Tarde,3,3,3,3,4.0,4,3,3,4,4,3,4,3.0,3.33,3.33,3.75,3.35,7,Medio,9,Promotor,3,Regular,7,Parcialmente informado,1,Nuevo,Educación,Persona física,Querétaro,Querétaro,Bajío,2.37,250.0,Alto,20.5888,-100.3899,Centro,Educación
2025-04-09 16:00:50,2025-04-09,4,Wednesday,2,16,Tarde,4,3,4,4,4.0,3,4,4,4,3,4,3,3.5,4.0,3.67,3.5,3.67,8,Alto,8,Pasivo,5,Bueno,9,Bien informado,1,Nuevo,Empresa,Dueño,Chiapas,Chiapas,Sureste,5.54,58.0,Bajo,16.7569,-93.1292,Sureste,Empresa
2025-04-09 16:11:10,2025-04-09,4,Wednesday,2,16,Tarde,3,4,4,4,4.0,4,3,4,5,5,5,3,3.5,4.0,3.67,4.5,3.92,8,Alto,8,Pasivo,4,Bueno,9,Bien informado,2,Nuevo,Educación,Director,Querétaro,Querétaro,Bajío,2.37,250.0,Alto,20.5888,-100.3899,Centro,Educación
2025-04-09 16:11:54,2025-04-09,4,Wednesday,2,16,Tarde,4,4,4,4,3.0,3,3,3,4,4,5,3,4.0,3.67,3.0,4.0,3.67,8,Alto,9,Promotor,4,Bueno,8,Bien informado,2,Nuevo,Educación,Asistente,Chiapas,Chiapas,Sureste,5.54,58.0,Bajo,16.7569,-93.1292,Sureste,Educación
2025-04-09 16:13:47,2025-04-09,4,Wednesday,2,16,Tarde,3,4,3,3,3.0,3,4,3,4,4,4,3,3.5,3.0,3.33,3.75,3.4,7,Medio,8,Pasivo,3,Regular,8,Bien informado,2,Nuevo,Empresa,Gerente,Querétaro,Querétaro,Bajío,2.37,250.0,Alto,20.5888,-100.3899,Centro,Empresa
2025-04-09 16:14:17,2025-04-09,4,Wednesday,2,16,Tarde,4,3,3,3,3.0,4,3,3,3,4,4,3,3.5,3.0,3.33,3.5,3.33,7,Medio,9,Promotor,4,Bueno,8,Bien informado,1,Nuevo,Asociación civil,Dueño,Querétaro,Querétaro,Bajío,2.37,250.0,Alto,20.5888,-100.3899,Centro,Asoc. Civil
2025-04-09 16:15:08,2025-04-09,4,Wednesday,2,16,Tarde,3,4,4,3,3.0,3,4,4,3,3,4,4,3.5,3.33,3.67,3.5,3.5,8,Alto,8,Pasivo,4,Bueno,9,Bien informado,1,Nuevo,Empresa,Dueño,Chiapas,Chiapas,Sureste,5.54,58.0,Bajo,16.7569,-93.1292,Sureste,Empresa
2025-04-09 16:15:47,2025-04-09,4,Wednesday,2,16,Tarde,4,4,4,4,4.0,3,3,4,4,4,4,4,4.0,4.0,3.33,4.0,3.83,8,Alto,9,Promotor,4,Bueno,8,Bien informado,1,Nuevo,Educación,Asistente,Querétaro,Querétaro,Bajío,2.37,250.0,Alto,20.5888,-100.3899,Centro,Educación
2025-04-09 16:18:09,2025-04-09,4,Wednesday,2,16,Tarde,4,3,3,4,3.0,4,3,4,4,4,3,3,3.5,3.33,3.67,3.5,3.5,9,Alto,9,Promotor,3,Regular,8,Bien informado,5,Establecido,Educación,Director,Querétaro,Querétaro,Bajío,2.37,250.0,Alto,20.5888,-100.3899,Centro,Educación
2025-04-09 16:25:48,2025-04-09,4,Wednesday,2,16,Tarde,3,3,4,4,3.0,3,3,4,4,4,4,4,3.0,3.67,3.33,4.0,3.5,7,Medio,8,Pasivo,3,Regular,7,Parcialmente informado,2,Nuevo,Empresa,Coordinador,Querétaro,Querétaro,Bajío,2.37,250.0,Alto,20.5888,-100.3899,Centro,Empresa
2025-04-09 17:04:08,2025-04-09,4,Wednesday,2,17,Tarde,4,3,4,4,4.0,3,4,3,4,5,4,4,3.5,4.0,3.33,4.25,3.77,8,Alto,8,Pasivo,4,Bueno,7,Parcialmente informado,2,Nuevo,Educación,Director,Querétaro,Querétaro,Bajío,2.37,250.0,Alto,20.5888,-100.3899,Centro,Educación
2025-04-09 17:22:39,2025-04-09,4,Wednesday,2,17,Tarde,4,4,3,5,4.0,4,4,4,4,5,4,3,4.0,4.0,4.0,4.0,4.0,8,Alto,9,Promotor,3,Regular,8,Bien informado,1,Nuevo,Asociación civil,Dueño,Querétaro,Querétaro,Bajío,2.37,250.0,Alto,20.5888,-100.3899,Centro,Asoc. Civil
2025-04-09 17:59:46,2025-04-09,4,Wednesday,2,17,Tarde,4,4,3,4,3.0,4,5,4,4,3,4,4,4.0,3.33,4.33,3.75,3.85,8,Alto,8,Pasivo,4,Bueno,8,Bien informado,8,Veterano,Asociación civil,Asistente,Chiapas,Chiapas,Sureste,5.54,58.0,Bajo,16.7569,-93.1292,Sureste,Asoc. Civil
2025-04-09 18:35:48,2025-04-09,4,Wednesday,2,18,Noche,4,3,3,4,4.0,3,4,3,4,3,4,4,3.5,3.67,3.33,3.75,3.56,9,Alto,8,Pasivo,3,Regular,7,Parcialmente informado,4,Establecido,Educación,Director,Chiapas,Chiapas,Sureste,5.54,58.0,Bajo,16.7569,-93.1292,Sureste,Educación
2025-04-09 18:37:54,2025-04-09,4,Wednesday,2,18,Noche,3,3,3,4,4.0,4,2,4,5,4,5,3,3.0,3.67,3.33,4.25,3.56,8,Alto,9,Promotor,4,Bueno,8,Bien informado,10,Veterano,Educación,Director,Querétaro,Querétaro,Bajío,2.37,250.0,Alto,20.5888,-100.3899,Centro,Educación
2025-04-09 19:41:12,2025-04-09,4,Wednesday,2,19,Noche,4,3,4,3,4.0,5,2,4,4,3,4,3,3.5,3.67,3.67,3.5,3.58,8,Alto,8,Pasivo,4,Bueno,9,Bien informado,4,Establecido,Empresa,Gerente,Querétaro,Querétaro,Bajío,2.37,250.0,Alto,20.5888,-100.3899,Centro,Empresa
2025-04-09 20:25:01,2025-04-09,4,Wednesday,2,20,Noche,4,4,4,5,4.0,3,3,3,5,4,3,3,4.0,4.33,3.0,3.75,3.77,7,Medio,8,Pasivo,3,Regular,7,Parcialmente informado,2,Nuevo,Educación,Coordinador,Sonora,Sonora,Noroeste,2.94,219.0,Alto,29.2972,-110.3309,Norte,Educación
2025-04-10 07:01:16,2025-04-10,4,Thursday,3,7,Mañana,4,4,4,4,3.0,4,3,3,4,5,5,4,4.0,3.67,3.33,4.5,3.88,7,Medio,8,Pasivo,3,Regular,7,Parcialmente informado,10,Veterano,Empresa,Gerente,Estado de México,Estado de México,Centro,16.99,114.0,Bajo,19.4969,-99.7233,Centro,Empresa
2025-04-10 09:15:14,2025-04-10,4,Thursday,3,9,Mañana,3,4,3,4,3.0,4,3,3,4,4,4,4,3.5,3.33,3.33,4.0,3.54,8,Alto,9,Promotor,4,Bueno,8,Bien informado,10,Veterano,Educación,Director,Jalisco,Jalisco,Occidente,8.35,183.0,Medio,20.6595,-103.3494,Occidente,Educación
2025-04-10 09:17:03,2025-04-10,4,Thursday,3,9,Mañana,4,3,4,5,3.0,4,3,4,4,4,4,4,3.5,4.0,3.67,4.0,3.79,8,Alto,9,Promotor,4,Bueno,8,Bien informado,18,Veterano,Educación,Coordinador,Jalisco,Jalisco,Occidente,8.35,183.0,Medio,20.6595,-103.3494,Occidente,Educación
2025-04-10 09:38:21,2025-04-10,4,Thursday,3,9,Mañana,4,3,3,4,4.0,3,4,3,4,3,5,4,3.5,3.67,3.33,4.0,3.62,8,Alto,8,Pasivo,3,Regular,8,Bien informado,10,Veterano,Educación,Coordinador,Jalisco,Jalisco,Occidente,8.35,183.0,Medio,20.6595,-103.3494,Occidente,Educación
2025-04-10 09:38:57,2025-04-10,4,Thursday,3,9,Mañana,2,3,2,2,3.0,2,2,3,4,3,3,3,2.5,2.33,2.33,3.25,2.6,6,Medio,8,Pasivo,2,Deficiente,7,Parcialmente informado,3,Establecido,Asociación civil,Coordinador,Jalisco,Jalisco,Occidente,8.35,183.0,Medio,20.6595,-103.3494,Occidente,Asoc. Civil
2025-04-10 09:40:07,2025-04-10,4,Thursday,3,9,Mañana,5,4,4,4,4.0,5,3,4,4,5,4,4,4.5,4.0,4.0,4.25,4.19,8,Alto,8,Pasivo,4,Bueno,8,Bien informado,3,Establecido,Educación,Asistente,Jalisco,Jalisco,Occidente,8.35,183.0,Medio,20.6595,-103.3494,Occidente,Educación
2025-04-10 09:51:38,2025-04-10,4,Thursday,3,9,Mañana,5,4,5,4,4.0,4,5,5,4,4,5,4,4.5,4.33,4.67,4.25,4.44,9,Alto,9,Promotor,5,Bueno,9,Bien informado,10,Veterano,Educación,Director,Baja California Norte,Baja California Norte,,,,,,,,Educación
2025-04-10 10:05:46,2025-04-10,4,Thursday,3,10,Mañana,4,3,4,5,5.0,3,4,4,5,5,5,4,3.5,4.67,3.67,4.75,4.15,7,Medio,9,Promotor,3,Regular,8,Bien informado,1,Nuevo,Educación,Director,Veracruz,Veracruz,Golfo,8.06,118.0,Bajo,19.1738,-96.1342,Sur,Educación
2025-04-10 10:08:05,2025-04-10,4,Thursday,3,10,Mañana,4,3,4,3,3.0,4,4,4,5,5,5,4,3.5,3.33,4.0,4.75,3.9,8,Alto,8,Pasivo,4,Bueno,9,Bien informado,1,Nuevo,Educación,Coordinador,Jalisco,Jalisco,Occidente,8.35,183.0,Medio,20.6595,-103.3494,Occidente,Educación
2025-04-10 10:10:22,2025-04-10,4,Thursday,3,10,Mañana,3,4,4,5,4.0,4,4,5,5,4,4,4,3.5,4.33,4.33,4.25,4.1,9,Alto,9,Promotor,4,Bueno,9,Bien informado,1,Nuevo,Gubernamental,Coordinador,Veracruz,Veracruz,Golfo,8.06,118.0,Bajo,19.1738,-96.1342,Sur,Gubernamental
2025-04-10 10:10:50,2025-04-10,4,Thursday,3,10,Mañana,4,4,4,3,4.0,3,3,3,5,4,4,4,4.0,3.67,3.0,4.25,3.73,8,Alto,8,Pasivo,4,Bueno,8,Bien informado,1,Nuevo,Educación,Director,Veracruz,Veracruz,Golfo,8.06,118.0,Bajo,19.1738,-96.1342,Sur,Educación
2025-04-10 10:27:25,2025-04-10,4,Thursday,3,10,Mañana,4,3,3,4,4.0,4,3,4,4,5,3,4,3.5,3.67,3.67,4.0,3.71,8,Alto,9,Promotor,3,Regular,8,Bien informado,1,Nuevo,Persona física,Persona física,Sinaloa,Sinaloa,Noroeste,3.03,151.0,Medio,24.8091,-107.394,Norte,Persona física
2025-04-10 10:29:43,2025-04-10,4,Thursday,3,10,Mañana,5,2,3,2,3.0,3,2,4,4,4,3,4,3.5,2.67,3.0,3.75,3.23,8,Alto,9,Promotor,4,Bueno,8,Bien informado,1,Nuevo,Educación,Dueño,Veracruz,Veracruz,Golfo,8.06,118.0,Bajo,19.1738,-96.1342,Sur,Educación
2025-04-10 10:33:29,2025-04-10,4,Thursday,3,10,Mañana,4,4,3,4,4.0,4,4,4,5,4,4,3,4.0,3.67,4.0,4.0,3.92,9,Alto,9,Promotor,5,Bueno,9,Bien informado,1,Nuevo,Persona física,Persona física,Sinaloa,Sinaloa,Noroeste,3.03,151.0,Medio,24.8091,-107.394,Norte,Persona física
2025-04-10 10:34:56,2025-04-10,4,Thursday,3,10,Mañana,4,3,3,3,3.0,4,4,5,4,5,5,4,3.5,3.0,4.33,4.5,3.83,8,Alto,8,Pasivo,4,Bueno,8,Bien informado,1,Nuevo,Empresa,Coordinador,Tamaulipas,Tamaulipas,Noreste,3.53,182.0,Medio,24.2669,-98.8363,Norte,Empresa
2025-04-10 10:42:47,2025-04-10,4,Thursday,3,10,Mañana,4,3,4,3,3.0,3,4,4,4,4,4,4,3.5,3.33,3.67,4.0,3.62,8,Alto,9,Promotor,4,Bueno,8,Bien informado,3,Establecido,Educación,Director,Jalisco,Jalisco,Occidente,8.35,183.0,Medio,20.6595,-103.3494,Occidente,Educación
2025-04-10 10:45:21,2025-04-10,4,Thursday,3,10,Mañana,3,2,5,4,4.0,3,3,4,4,4,4,4,2.5,4.33,3.33,4.0,3.54,8,Alto,9,Promotor,4,Bueno,9,Bien informado,4,Establecido,Educación,Dueño,Jalisco,Jalisco,Occidente,8.35,183.0,Medio,20.6595,-103.3494,Occidente,Educación
2025-04-10 10:48:32,2025-04-10,4,Thursday,3,10,Mañana,2,3,3,2,3.0,4,4,3,4,4,3,4,2.5,2.67,3.67,3.75,3.15,8,Alto,8,Pasivo,4,Bueno,8,Bien informado,2,Nuevo,Persona física,Persona física,Veracruz,Veracruz,Golfo,8.06,118.0,Bajo,19.1738,-96.1342,Sur,Persona física
2025-04-10 10:56:44,2025-04-10,4,Thursday,3,10,Mañana,4,2,5,5,4.0,3,3,4,3,4,3,5,3.0,4.67,3.33,3.75,3.69,8,Alto,8,Pasivo,4,Bueno,8,Bien informado,1,Nuevo,Persona física,Gerente,Querétaro,Querétaro,Bajío,2.37,250.0,Alto,20.5888,-100.3899,Centro,Persona física
2025-04-10 11:02:27,2025-04-10,4,Thursday,3,11,Mañana,5,2,5,5,3.0,4,3,4,5,4,4,5,3.5,4.33,3.67,4.5,4.0,9,Alto,8,Pasivo,4,Bueno,8,Bien informado,1,Nuevo,Persona física,Persona física,Ciudad de México,Ciudad de México,Centro,9.21,394.0,Alto,19.4326,-99.1332,Centro,Persona física
2025-04-10 11:16:27,2025-04-10,4,Thursday,3,11,Mañana,5,3,4,4,3.0,3,3,4,4,4,4,5,4.0,3.67,3.33,4.25,3.81,8,Alto,8,Pasivo,3,Regular,8,Bien informado,20,Veterano,Educación,Asistente,Veracruz,Veracruz,Golfo,8.06,118.0,Bajo,19.1738,-96.1342,Sur,Educación
2025-04-10 11:20:28,2025-04-10,4,Thursday,3,11,Mañana,4,3,4,4,4.0,4,4,4,4,4,4,4,3.5,4.0,4.0,4.0,3.88,8,Alto,8,Pasivo,4,Bueno,8,Bien informado,1,Nuevo,Educación,Coordinador,Veracruz,Veracruz,Golfo,8.06,118.0,Bajo,19.1738,-96.1342,Sur,Educación
2025-04-10 11:24:17,2025-04-10,4,Thursday,3,11,Mañana,4,4,3,4,4.0,4,5,5,3,4,4,4,4.0,3.67,4.67,3.75,4.02,8,Alto,8,Pasivo,4,Bueno,8,Bien informado,1,Nuevo,Educación,Director,Veracruz,Veracruz,Golfo,8.06,118.0,Bajo,19.1738,-96.1342,Sur,Educación
2025-04-10 11:29:16,2025-04-10,4,Thursday,3,11,Mañana,4,4,4,4,3.0,4,4,5,5,4,5,4,4.0,3.67,4.33,4.5,4.12,8,Alto,8,Pasivo,4,Bueno,9,Bien informado,8,Veterano,Educación,Coordinador,Querétaro,Querétaro,Bajío,2.37,250.0,Alto,20.5888,-100.3899,Centro,Educación
2025-04-10 11:42:06,2025-04-10,4,Thursday,3,11,Mañana,5,3,3,3,3.0,4,4,4,4,3,4,4,4.0,3.0,4.0,3.75,3.69,8,Alto,9,Promotor,4,Bueno,9,Bien informado,4,Establecido,Persona física,Persona física,Veracruz,Veracruz,Golfo,8.06,118.0,Bajo,19.1738,-96.1342,Sur,Persona física
2025-04-10 11:42:52,2025-04-10,4,Thursday,3,11,Mañana,4,4,3,3,3.0,4,4,5,4,4,3,4,4.0,3.0,4.33,3.75,3.77,7,Medio,9,Promotor,3,Regular,8,Bien informado,2,Nuevo,Empresa,Gerente,Estado de México,Estado de México,Centro,16.99,114.0,Bajo,19.4969,-99.7233,Centro,Empresa
2025-04-10 11:46:03,2025-04-10,4,Thursday,3,11,Mañana,3,3,3,3,3.0,4,4,3,5,4,5,4,3.0,3.0,3.67,4.5,3.54,8,Alto,8,Pasivo,3,Regular,8,Bien informado,6,Veterano,Gubernamental,Asistente,Colima,Colima,Occidente,0.73,173.0,Medio,19.2452,-103.7241,Occidente,Gubernamental
2025-04-10 11:46:37,2025-04-10,4,Thursday,3,11,Mañana,4,3,3,4,4.0,4,4,4,5,4,4,4,3.5,3.67,4.0,4.25,3.86,8,Alto,8,Pasivo,4,Bueno,9,Bien informado,2,Nuevo,Educación,Coordinador,Jalisco,Jalisco,Occidente,8.35,183.0,Medio,20.6595,-103.3494,Occidente,Educación
2025-04-10 11:50:45,2025-04-10,4,Thursday,3,11,Mañana,5,3,3,3,4.0,3,3,3,4,4,4,3,4.0,3.33,3.0,3.75,3.52,7,Medio,8,Pasivo,3,Regular,8,Bien informado,2,Nuevo,Gubernamental,Coordinador,Coahuila,Coahuila,Norte,3.15,263.0,Alto,27.0587,-101.7068,Norte,Gubernamental
2025-04-10 11:58:22,2025-04-10,4,Thursday,3,11,Mañana,4,4,4,4,4.0,5,3,4,4,5,4,4,4.0,4.0,4.0,4.25,4.06,8,Alto,9,Promotor,4,Bueno,8,Bien informado,3,Establecido,Teletón (Grupos internos de la Fundación),Persona física,Tamaulipas,Tamaulipas,Noreste,3.53,182.0,Medio,24.2669,-98.8363,Norte,Teletón (Grupos internos de la Fundación)
2025-04-10 11:59:07,2025-04-10,4,Thursday,3,11,Mañana,5,3,5,4,4.0,4,5,5,4,4,5,4,4.0,4.33,4.67,4.25,4.31,9,Alto,9,Promotor,5,Bueno,9,Bien informado,6,Veterano,Teletón (Grupos internos de la Fundación),Persona física,Tamaulipas,Tamaulipas,Noreste,3.53,182.0,Medio,24.2669,-98.8363,Norte,Teletón (Grupos internos de la Fundación)
2025-04-10 12:00:27,2025-04-10,4,Thursday,3,12,Tarde,4,4,4,5,5.0,3,4,4,5,5,5,4,4.0,4.67,3.67,4.75,4.27,7,Medio,9,Promotor,3,Regular,8,Bien informado,2,Nuevo,Persona física,Persona física,Tamaulipas,Tamaulipas,Noreste,3.53,182.0,Medio,24.2669,-98.8363,Norte,Persona física
2025-04-10 12:01:03,2025-04-10,4,Thursday,3,12,Tarde,4,4,4,3,3.0,4,4,4,5,5,5,4,4.0,3.33,4.0,4.75,4.02,8,Alto,8,Pasivo,4,Bueno,9,Bien informado,3,Establecido,Teletón (Grupos internos de la Fundación),Persona física,Tamaulipas,Tamaulipas,Noreste,3.53,182.0,Medio,24.2669,-98.8363,Norte,Teletón (Grupos internos de la Fundación)
2025-04-10 12:01:26,2025-04-10,4,Thursday,3,12,Tarde,3,3,4,5,4.0,4,4,5,5,4,4,4,3.0,4.33,4.33,4.25,3.98,9,Alto,9,Promotor,4,Bueno,9,Bien informado,16,Veterano,Persona física,Persona física,Coahuila,Coahuila,Norte,3.15,263.0,Alto,27.0587,-101.7068,Norte,Persona física
2025-04-10 12:01:26,2025-04-10,4,Thursday,3,12,Tarde,3,3,4,3,4.0,3,3,3,5,4,4,4,3.0,3.67,3.0,4.25,3.48,8,Alto,8,Pasivo,4,Bueno,8,Bien informado,1,Nuevo,Teletón (Grupos internos de la Fundación),Asistente,Tamaulipas,Tamaulipas,Noreste,3.53,182.0,Medio,24.2669,-98.8363,Norte,Teletón (Grupos internos de la Fundación)
2025-04-10 12:02:01,2025-04-10,4,Thursday,3,12,Tarde,4,4,3,4,4.0,4,3,4,4,5,3,4,4.0,3.67,3.67,4.0,3.84,8,Alto,9,Promotor,3,Regular,8,Bien informado,9,Veterano,Persona física,Persona física,Tamaulipas,Tamaulipas,Noreste,3.53,182.0,Medio,24.2669,-98.8363,Norte,Persona física
2025-04-10 12:02:02,2025-04-10,4,Thursday,3,12,Tarde,5,3,4,3,4.0,4,4,3,4,4,3,4,4.0,3.67,3.67,3.75,3.77,9,Alto,8,Pasivo,3,Regular,7,Parcialmente informado,3,Establecido,Persona física,Persona física,Tamaulipas,Tamaulipas,Noreste,3.53,182.0,Medio,24.2669,-98.8363,Norte,Persona física
2025-04-10 12:03:53,2025-04-10,4,Thursday,3,12,Tarde,4,4,3,3,4.0,4,3,4,4,5,5,4,4.0,3.33,3.67,4.5,3.88,9,Alto,8,Pasivo,4,Bueno,8,Bien informado,2,Nuevo,Teletón (Grupos internos de la Fundación),Persona física,Tamaulipas,Tamaulipas,Noreste,3.53,182.0,Medio,24.2669,-98.8363,Norte,Teletón (Grupos internos de la Fundación)
2025-04-10 12:04:45,2025-04-10,4,Thursday,3,12,Tarde,5,4,3,3,4.0,3,3,3,4,4,4,4,4.5,3.33,3.0,4.0,3.71,8,Alto,8,Pasivo,4,Bueno,8,Bien informado,5,Establecido,Persona física,Asistente,Tamaulipas,Tamaulipas,Noreste,3.53,182.0,Medio,24.2669,-98.8363,Norte,Persona física
2025-04-10 12:10:00,2025-04-10,4,Thursday,3,12,Tarde,4,4,3,4,4.0,4,4,4,4,4,3,4,4.0,3.67,4.0,3.75,3.86,8,Alto,8,Pasivo,4,Bueno,8,Bien informado,10,Veterano,Asociación civil,Persona física,Yucatán,Yucatán,Sureste,2.32,149.0,Medio,20.7099,-89.0943,Sureste,Asoc. Civil
2025-04-10 12:13:05,2025-04-10,4,Thursday,3,12,Tarde,4,3,3,3,4.0,4,3,3,4,4,3,4,3.5,3.33,3.33,3.75,3.48,7,Medio,9,Promotor,3,Regular,7,Parcialmente informado,1,Nuevo,Teletón (Grupos internos de la Fundación),Asistente,Tamaulipas,Tamaulipas,Noreste,3.53,182.0,Medio,24.2669,-98.8363,Norte,Teletón (Grupos internos de la Fundación)
2025-04-10 12:13:43,2025-04-10,4,Thursday,3,12,Tarde,3,4,4,4,4.0,3,4,4,5,4,4,3,3.5,4.0,3.67,4.0,3.79,8,Alto,8,Pasivo,5,Bueno,9,Bien informado,2,Nuevo,Persona física,Persona física,Tamaulipas,Tamaulipas,Noreste,3.53,182.0,Medio,24.2669,-98.8363,Norte,Persona física
2025-04-10 12:14:20,2025-04-10,4,Thursday,3,12,Tarde,2,3,4,3,4.0,4,4,3,5,4,5,4,2.5,3.67,3.67,4.5,3.58,9,Alto,8,Pasivo,3,Regular,8,Bien informado,6,Veterano,Educación,Coordinador,Coahuila,Coahuila,Norte,3.15,263.0,Alto,27.0587,-101.7068,Norte,Educación
2025-04-10 12:19:20,2025-04-10,4,Thursday,3,12,Tarde,4,4,3,3,4.0,4,3,4,4,5,5,4,4.0,3.33,3.67,4.5,3.88,9,Alto,8,Pasivo,4,Bueno,8,Bien informado,1,Nuevo,Persona física,Coordinador,Veracruz,Veracruz,Golfo,8.06,118.0,Bajo,19.1738,-96.1342,Sur,Persona física
2025-04-10 12:25:07,2025-04-10,4,Thursday,3,12,Tarde,3,4,3,3,4.0,3,3,3,4,4,4,4,3.5,3.33,3.0,4.0,3.46,8,Alto,8,Pasivo,4,Bueno,8,Bien informado,2,Nuevo,Educación,Supervisor,Veracruz,Veracruz,Golfo,8.06,118.0,Bajo,19.1738,-96.1342,Sur,Educación
2025-04-10 12:40:40,2025-04-10,4,Thursday,3,12,Tarde,5,4,3,4,4.0,4,4,4,4,4,5,4,4.5,3.67,4.0,4.25,4.11,8,Alto,8,Pasivo,4,Bueno,8,Bien informado,1,Nuevo,Teletón (Grupos internos de la Fundación),Persona física,Sinaloa,Sinaloa,Noroeste,3.03,151.0,Medio,24.8091,-107.394,Norte,Teletón (Grupos internos de la Fundación)
2025-04-10 13:21:44,2025-04-10,4,Thursday,3,13,Tarde,4,4,3,3,4.0,4,3,3,4,4,5,4,4.0,3.33,3.33,4.25,3.73,7,Medio,9,Promotor,3,Regular,7,Parcialmente informado,3,Establecido,Gubernamental,Coordinador,Durango,Durango,Norte,1.83,142.0,Medio,24.0277,-104.6532,Norte,Gubernamental
2025-04-10 13:23:51,2025-04-10,4,Thursday,3,13,Tarde,5,3,4,4,4.0,3,4,4,4,4,4,3,4.0,4.0,3.67,3.75,3.86,8,Alto,8,Pasivo,5,Bueno,9,Bien informado,10,Veterano,Asociación civil,Director,Jalisco,Jalisco,Occidente,8.35,183.0,Medio,20.6595,-103.3494,Occidente,Asoc. Civil
2025-04-10 14:31:13,2025-04-10,4,Thursday,3,14,Tarde,5,4,4,5,4.0,3,3,3,4,4,3,3,4.5,4.33,3.0,3.5,3.83,7,Medio,9,Promotor,3,Regular,7,Parcialmente informado,1,Nuevo,Educación,Persona física,Veracruz,Veracruz,Golfo,8.06,118.0,Bajo,19.1738,-96.1342,Sur,Educación
2025-04-10 14:43:58,2025-04-10,4,Thursday,3,14,Tarde,4,3,4,4,3.0,4,3,3,5,4,5,4,3.5,3.67,3.33,4.5,3.75,7,Medio,8,Pasivo,3,Regular,7,Parcialmente informado,20,Veterano,Educación,Persona física,Guanajuato,Guanajuato,Bajío,6.17,157.0,Medio,21.019,-101.2574,Centro,Educación
2025-04-10 15:02:40,2025-04-10,4,Thursday,3,15,Tarde,3,4,3,4,3.0,4,3,3,4,4,4,4,3.5,3.33,3.33,4.0,3.54,8,Alto,9,Promotor,4,Bueno,8,Bien informado,1,Nuevo,Persona física,Persona física,Sinaloa,Sinaloa,Noroeste,3.03,151.0,Medio,24.8091,-107.394,Norte,Persona física
2025-04-10 15:28:45,2025-04-10,4,Thursday,3,15,Tarde,2,4,4,5,3.0,4,3,4,4,4,4,4,3.0,4.0,3.67,4.0,3.67,8,Alto,9,Promotor,4,Bueno,8,Bien informado,1,Nuevo,Asociación civil,Dueño,Chiapas,Chiapas,Sureste,5.54,58.0,Bajo,16.7569,-93.1292,Sureste,Asoc. Civil
2025-04-10 15:37:57,2025-04-10,4,Thursday,3,15,Tarde,4,3,3,4,4.0,3,4,3,4,5,4,4,3.5,3.67,3.33,4.25,3.69,8,Alto,9,Promotor,3,Regular,8,Bien informado,3,Establecido,Educación,Coordinador,Durango,Durango,Norte,1.83,142.0,Medio,24.0277,-104.6532,Norte,Educación
2025-04-10 15:56:14,2025-04-10,4,Thursday,3,15,Tarde,4,3,2,2,3.0,2,2,3,3,2,2,3,3.5,2.33,2.33,2.5,2.66,6,Medio,8,Pasivo,2,Deficiente,7,Parcialmente informado,8,Veterano,Educación,Coordinador,Coahuila,Coahuila,Norte,3.15,263.0,Alto,27.0587,-101.7068,Norte,Educación
2025-04-10 16:14:46,2025-04-10,4,Thursday,3,16,Tarde,5,4,4,4,4.0,5,3,4,4,5,4,4,4.5,4.0,4.0,4.25,4.19,8,Alto,9,Promotor,4,Bueno,8,Bien informado,2,Nuevo,Persona física,Gerente,Jalisco,Jalisco,Occidente,8.35,183.0,Medio,20.6595,-103.3494,Occidente,Persona física
2025-04-10 17:32:47,2025-04-10,4,Thursday,3,17,Tarde,4,4,5,4,4.0,4,5,5,4,4,5,4,4.0,4.33,4.67,4.25,4.31,9,Alto,9,Promotor,5,Bueno,9,Bien informado,1,Nuevo,Teletón (Grupos internos de la Fundación),Persona física,Tamaulipas,Tamaulipas,Noreste,3.53,182.0,Medio,24.2669,-98.8363,Norte,Teletón (Grupos internos de la Fundación)
2025-04-10 18:22:31,2025-04-10,4,Thursday,3,18,Noche,4,4,4,4,3.0,3,4,3,4,3,3,4,4.0,3.67,3.33,3.5,3.62,7,Medio,8,Pasivo,3,Regular,8,Bien informado,4,Establecido,Gubernamental,Coordinador,Quintana Roo,Quintana Roo,Sureste,1.86,211.0,Alto,19.1817,-88.4791,Sureste,Gubernamental
2025-04-10 18:30:27,2025-04-10,4,Thursday,3,18,Noche,4,3,3,4,4.0,3,3,3,3,4,4,3,3.5,3.67,3.0,3.5,3.42,7,Medio,8,Pasivo,3,Regular,7,Parcialmente informado,8,Veterano,Asociación civil,Director,Quintana Roo,Quintana Roo,Sureste,1.86,211.0,Alto,19.1817,-88.4791,Sureste,Asoc. Civil
2025-04-10 18:33:36,2025-04-10,4,Thursday,3,18,Noche,5,4,4,3,3.0,4,4,4,3,3,4,3,4.5,3.33,4.0,3.25,3.77,7,Medio,8,Pasivo,4,Bueno,8,Bien informado,6,Veterano,Educación,Coordinador,Quintana Roo,Quintana Roo,Sureste,1.86,211.0,Alto,19.1817,-88.4791,Sureste,Educación
2025-04-10 18:45:05,2025-04-10,4,Thursday,3,18,Noche,5,3,4,4,4.0,4,4,3,4,4,3,3,4.0,4.0,3.67,3.5,3.79,7,Medio,8,Pasivo,3,Regular,9,Bien informado,2,Nuevo,Empresa,Coordinador,Jalisco,Jalisco,Occidente,8.35,183.0,Medio,20.6595,-103.3494,Occidente,Empresa
2025-04-10 18:59:25,2025-04-10,4,Thursday,3,18,Noche,3,5,3,4,4.0,3,3,3,3,4,4,3,4.0,3.67,3.0,3.5,3.54,7,Medio,8,Pasivo,3,Regular,7,Parcialmente informado,3,Establecido,Empresa,Coordinador,Quintana Roo,Quintana Roo,Sureste,1.86,211.0,Alto,19.1817,-88.4791,Sureste,Empresa
2025-04-10 19:22:54,2025-04-10,4,Thursday,3,19,Noche,2,3,3,3,3.0,3,4,5,4,4,4,5,2.5,3.0,4.0,4.25,3.44,7,Medio,9,Promotor,4,Bueno,9,Bien informado,20,Veterano,Persona física,Persona física,Quintana Roo,Quintana Roo,Sureste,1.86,211.0,Alto,19.1817,-88.4791,Sureste,Persona física
2025-04-10 19:25:23,2025-04-10,4,Thursday,3,19,Noche,4,3,3,4,4.0,4,4,3,3,3,4,3,3.5,3.67,3.67,3.25,3.52,8,Alto,8,Pasivo,3,Regular,7,Parcialmente informado,1,Nuevo,Educación,Coordinador,Quintana Roo,Quintana Roo,Sureste,1.86,211.0,Alto,19.1817,-88.4791,Sureste,Educación
2025-04-10 19:41:32,2025-04-10,4,Thursday,3,19,Noche,4,3,4,4,3.0,3,2,3,3,4,4,4,3.5,3.67,2.67,3.75,3.4,9,Alto,9,Promotor,4,Bueno,9,Bien informado,5,Establecido,Persona física,Coordinador,Quintana Roo,Quintana Roo,Sureste,1.86,211.0,Alto,19.1817,-88.4791,Sureste,Persona física
2025-04-10 20:09:15,2025-04-10,4,Thursday,3,20,Noche,4,4,3,4,4.0,3,2,3,3,4,4,4,4.0,3.67,2.67,3.75,3.52,8,Alto,9,Promotor,4,Bueno,8,Bien informado,1,Nuevo,Teletón (Grupos internos de la Fundación),Persona física,Tamaulipas,Tamaulipas,Noreste,3.53,182.0,Medio,24.2669,-98.8363,Norte,Teletón (Grupos internos de la Fundación)
2025-04-10 21:24:32,2025-04-10,4,Thursday,3,21,Noche,3,4,4,4,3.0,3,4,4,4,5,4,4,3.5,3.67,3.67,4.25,3.77,7,Medio,8,Pasivo,3,Regular,9,Bien informado,13,Veterano,Persona física,Persona física,Sinaloa,Sinaloa,Noroeste,3.03,151.0,Medio,24.8091,-107.394,Norte,Persona física
2025-04-11 05:35:41,2025-04-11,4,Friday,4,5,Noche,3,4,3,4,3.0,4,4,3,3,4,4,3,3.5,3.33,3.67,3.5,3.5,8,Alto,9,Promotor,4,Bueno,8,Bien informado,1,Nuevo,Empresa,Gerente,Quintana Roo,Quintana Roo,Sureste,1.86,211.0,Alto,19.1817,-88.4791,Sureste,Empresa
2025-04-11 06:19:31,2025-04-11,4,Friday,4,6,Mañana,4,3,4,3,3.0,4,4,3,4,4,3,2,3.5,3.33,3.67,3.25,3.44,7,Medio,8,Pasivo,2,Deficiente,8,Bien informado,2,Nuevo,Educación,Coordinador,Quintana Roo,Quintana Roo,Sureste,1.86,211.0,Alto,19.1817,-88.4791,Sureste,Educación
2025-04-11 06:29:56,2025-04-11,4,Friday,4,6,Mañana,4,3,3,3,3.0,4,4,4,4,4,4,3,3.5,3.0,4.0,3.75,3.56,8,Alto,8,Pasivo,3,Regular,7,Parcialmente informado,5,Establecido,Gubernamental,Coordinador,Colima,Colima,Occidente,0.73,173.0,Medio,19.2452,-103.7241,Occidente,Gubernamental
2025-04-11 06:58:07,2025-04-11,4,Friday,4,6,Mañana,5,3,3,4,4.0,3,3,3,4,4,4,3,4.0,3.67,3.0,3.75,3.6,7,Medio,8,Pasivo,3,Regular,7,Parcialmente informado,15,Veterano,Educación,Dueño,Ciudad de México,Ciudad de México,Centro,9.21,394.0,Alto,19.4326,-99.1332,Centro,Educación
2025-04-11 09:53:23,2025-04-11,4,Friday,4,9,Mañana,4,4,4,3,3.0,4,4,4,5,4,4,3,4.0,3.33,4.0,4.0,3.83,7,Medio,8,Pasivo,4,Bueno,8,Bien informado,10,Veterano,Gubernamental,Director,Coahuila,Coahuila,Norte,3.15,263.0,Alto,27.0587,-101.7068,Norte,Gubernamental
2025-04-11 10:06:15,2025-04-11,4,Friday,4,10,Mañana,4,4,3,4,4.0,4,4,3,5,4,4,4,4.0,3.67,3.67,4.25,3.9,8,Alto,8,Pasivo,4,Bueno,8,Bien informado,1,Nuevo,Educación,Director,Jalisco,Jalisco,Occidente,8.35,183.0,Medio,20.6595,-103.3494,Occidente,Educación
2025-04-11 14:18:51,2025-04-11,4,Friday,4,14,Tarde,4,3,3,3,4.0,4,5,4,3,4,4,3,3.5,3.33,4.33,3.5,3.66,8,Alto,8,Pasivo,4,Bueno,8,Bien informado,1,Nuevo,Educación,Director,Sinaloa,Sinaloa,Noroeste,3.03,151.0,Medio,24.8091,-107.394,Norte,Educación
2025-04-11 15:04:37,2025-04-11,4,Friday,4,15,Tarde,3,3,3,2,3.0,5,5,4,4,4,5,3,3.0,2.67,4.67,4.0,3.58,7,Medio,9,Promotor,3,Regular,8,Bien informado,10,Veterano,Educación,Coordinador,Chihuahua,Chihuahua,Norte,3.74,218.0,Alto,28.633,-106.0691,Norte,Educación
2025-04-11 15:07:01,2025-04-11,4,Friday,4,15,Tarde,5,3,4,3,3.0,3,3,4,4,4,5,3,4.0,3.33,3.33,4.0,3.66,6,Medio,9,Promotor,3,Regular,7,Parcialmente informado,2,Nuevo,Educación,Coordinador,Chihuahua,Chihuahua,Norte,3.74,218.0,Alto,28.633,-106.0691,Norte,Educación
2025-04-11 15:09:40,2025-04-11,4,Friday,4,15,Tarde,2,4,3,4,4.0,4,4,4,4,3,5,4,3.0,3.67,4.0,4.0,3.67,8,Alto,8,Pasivo,4,Bueno,8,Bien informado,1,Nuevo,Educación,Coordinador,Chihuahua,Chihuahua,Norte,3.74,218.0,Alto,28.633,-106.0691,Norte,Educación
2025-04-11 15:14:28,2025-04-11,4,Friday,4,15,Tarde,5,4,4,3,4.0,4,3,3,4,3,4,4,4.5,3.67,3.33,3.75,3.81,8,Alto,8,Pasivo,3,Regular,6,Parcialmente informado,1,Nuevo,Persona física,Persona física,Yucatán,Yucatán,Sureste,2.32,149.0,Medio,20.7099,-89.0943,Sureste,Persona física
2025-04-11 15:14:34,2025-04-11,4,Friday,4,15,Tarde,1,3,4,4,4.0,4,4,3,4,4,5,3,2.0,4.0,3.67,4.0,3.42,7,Medio,8,Pasivo,3,Regular,9,Bien informado,1,Nuevo,Educación,Coordinador,Chihuahua,Chihuahua,Norte,3.74,218.0,Alto,28.633,-106.0691,Norte,Educación
2025-04-11 15:19:40,2025-04-11,4,Friday,4,15,Tarde,4,4,4,3,3.0,3,4,4,5,3,5,4,4.0,3.33,3.67,4.25,3.81,8,Alto,8,Pasivo,3,Regular,8,Bien informado,15,Veterano,Educación,Coordinador,Chihuahua,Chihuahua,Norte,3.74,218.0,Alto,28.633,-106.0691,Norte,Educación
2025-04-11 15:43:49,2025-04-11,4,Friday,4,15,Tarde,4,3,3,3,3.0,4,4,3,3,4,3,3,3.5,3.0,3.67,3.25,3.36,7,Medio,9,Promotor,3,Regular,8,Bien informado,2,Nuevo,Empresa,Coordinador,Chihuahua,Chihuahua,Norte,3.74,218.0,Alto,28.633,-106.0691,Norte,Empresa
2025-04-11 15:54:38,2025-04-11,4,Friday,4,15,Tarde,4,3,3,4,4.0,4,4,4,5,4,5,4,3.5,3.67,4.0,4.5,3.92,8,Alto,8,Pasivo,4,Bueno,8,Bien informado,10,Veterano,Educación,Coordinador,Chiapas,Chiapas,Sureste,5.54,58.0,Bajo,16.7569,-93.1292,Sureste,Educación
2025-04-11 16:15:34,2025-04-11,4,Friday,4,16,Tarde,5,4,3,3,4.0,4,3,3,4,4,3,4,4.5,3.33,3.33,3.75,3.73,7,Medio,8,Pasivo,3,Regular,7,Parcialmente informado,2,Nuevo,Empresa,Persona física,Chihuahua,Chihuahua,Norte,3.74,218.0,Alto,28.633,-106.0691,Norte,Empresa
2025-04-11 16:44:58,2025-04-11,4,Friday,4,16,Tarde,5,4,4,4,4.0,3,4,4,3,4,4,3,4.5,4.0,3.67,3.5,3.92,8,Alto,8,Pasivo,5,Bueno,9,Bien informado,10,Veterano,Educación,Supervisor,Chihuahua,Chihuahua,Norte,3.74,218.0,Alto,28.633,-106.0691,Norte,Educación
2025-04-11 16:59:41,2025-04-11,4,Friday,4,16,Tarde,4,5,4,5,4.0,3,3,3,3,4,3,3,4.5,4.33,3.0,3.25,3.77,7,Medio,9,Promotor,3,Regular,7,Parcialmente informado,10,Veterano,Persona física,Persona física,Sinaloa,Sinaloa,Noroeste,3.03,151.0,Medio,24.8091,-107.394,Norte,Persona física
2025-04-11 17:29:34,2025-04-11,4,Friday,4,17,Tarde,3,4,4,4,3.0,4,3,3,5,4,4,4,3.5,3.67,3.33,4.25,3.69,7,Medio,9,Promotor,3,Regular,7,Parcialmente informado,1,Nuevo,Empresa,Coordinador,Chihuahua,Chihuahua,Norte,3.74,218.0,Alto,28.633,-106.0691,Norte,Empresa
2025-04-11 18:18:46,2025-04-11,4,Friday,4,18,Noche,4,5,3,4,3.0,4,3,3,4,4,4,4,4.5,3.33,3.33,4.0,3.79,8,Alto,9,Promotor,4,Bueno,8,Bien informado,4,Establecido,Educación,Coordinador,Chihuahua,Chihuahua,Norte,3.74,218.0,Alto,28.633,-106.0691,Norte,Educación
2025-04-11 18:22:28,2025-04-11,4,Friday,4,18,Noche,5,3,4,5,3.0,4,3,4,5,4,5,4,4.0,4.0,3.67,4.5,4.04,8,Alto,9,Promotor,4,Bueno,8,Bien informado,4,Establecido,Gubernamental,Asistente,Chiapas,Chiapas,Sureste,5.54,58.0,Bajo,16.7569,-93.1292,Sureste,Gubernamental
2025-04-11 20:07:54,2025-04-11,4,Friday,4,20,Noche,4,3,3,4,4.0,3,4,3,4,3,3,4,3.5,3.67,3.33,3.5,3.5,8,Alto,9,Promotor,3,Regular,6,Parcialmente informado,1,Nuevo,Teletón (Grupos internos de la Fundación),Coordinador,Chiapas,Chiapas,Sureste,5.54,58.0,Bajo,16.7569,-93.1292,Sureste,Teletón (Grupos internos de la Fundación)
2025-04-11 20:34:32,2025-04-11,4,Friday,4,20,Noche,5,4,2,2,3.0,2,2,3,4,3,5,3,4.5,2.33,2.33,3.75,3.23,6,Medio,8,Pasivo,2,Deficiente,7,Parcialmente informado,6,Veterano,Educación,Coordinador,Chihuahua,Chihuahua,Norte,3.74,218.0,Alto,28.633,-106.0691,Norte,Educación
2025-04-11 20:36:21,2025-04-11,4,Friday,4,20,Noche,4,4,4,4,4.0,5,3,4,4,5,4,4,4.0,4.0,4.0,4.25,4.06,8,Alto,9,Promotor,4,Bueno,8,Bien informado,9,Veterano,Educación,Persona física,Tabasco,Tabasco,Sureste,2.4,180.0,Medio,17.8409,-92.6189,Sureste,Educación
2025-04-12 00:32:16,2025-04-12,4,Saturday,5,0,Noche,4,3,5,4,4.0,4,5,5,4,4,5,4,3.5,4.33,4.67,4.25,4.19,9,Alto,9,Promotor,5,Bueno,9,Bien informado,3,Establecido,Teletón (Grupos internos de la Fundación),Persona física,Tamaulipas,Tamaulipas,Noreste,3.53,182.0,Medio,24.2669,-98.8363,Norte,Teletón (Grupos internos de la Fundación)
2025-04-12 10:05:40,2025-04-12,4,Saturday,5,10,Mañana,4,4,4,4,3.0,3,4,3,5,3,4,4,4.0,3.67,3.33,4.0,3.75,7,Medio,8,Pasivo,3,Regular,8,Bien informado,2,Nuevo,Empresa,Coordinador,Quintana Roo,Quintana Roo,Sureste,1.86,211.0,Alto,19.1817,-88.4791,Sureste,Empresa
2025-04-12 11:04:57,2025-04-12,4,Saturday,5,11,Mañana,3,4,3,4,4.0,3,4,4,3,4,4,4,3.5,3.67,3.67,3.75,3.65,6,Medio,9,Promotor,3,Regular,7,Parcialmente informado,10,Veterano,Educación,Coordinador,Chiapas,Chiapas,Sureste,5.54,58.0,Bajo,16.7569,-93.1292,Sureste,Educación
2025-04-12 12:10:25,2025-04-12,4,Saturday,5,12,Tarde,4,3,4,4,3.0,3,4,4,3,3,3,4,3.5,3.67,3.67,3.25,3.52,8,Alto,8,Pasivo,4,Bueno,8,Bien informado,1,Nuevo,Empresa,Gerente,Jalisco,Jalisco,Occidente,8.35,183.0,Medio,20.6595,-103.3494,Occidente,Empresa
2025-04-12 13:30:19,2025-04-12,4,Saturday,5,13,Tarde,4,4,4,4,4.0,4,4,3,4,4,3,4,4.0,4.0,3.67,3.75,3.86,8,Alto,8,Pasivo,4,Bueno,7,Parcialmente informado,13,Veterano,Educación,Coordinador,Jalisco,Jalisco,Occidente,8.35,183.0,Medio,20.6595,-103.3494,Occidente,Educación
2025-04-12 16:00:44,2025-04-12,4,Saturday,5,16,Tarde,4,4,3,3,4.0,3,3,4,5,3,5,4,4.0,3.33,3.33,4.25,3.73,7,Medio,8,Pasivo,4,Bueno,8,Bien informado,3,Establecido,Empresa,Supervisor,Chihuahua,Chihuahua,Norte,3.74,218.0,Alto,28.633,-106.0691,Norte,Empresa
2025-04-12 17:58:08,2025-04-12,4,Saturday,5,17,Tarde,5,4,5,4,4.0,5,4,4,3,4,4,5,4.5,4.33,4.33,4.0,4.29,9,Alto,9,Promotor,5,Bueno,9,Bien informado,1,Nuevo,Teletón (Grupos internos de la Fundación),Persona física,Yucatán,Yucatán,Sureste,2.32,149.0,Medio,20.7099,-89.0943,Sureste,Teletón (Grupos internos de la Fundación)
2025-04-13 13:08:46,2025-04-13,4,Sunday,6,13,Tarde,4,3,4,5,4.0,5,4,5,5,5,5,5,3.5,4.33,4.67,5.0,4.38,10,Alto,10,Promotor,5,Bueno,9,Bien informado,3,Establecido,Educación,Asistente,Aguascalientes,Aguascalientes,Centro-Norte,1.43,198.0,Medio,21.8853,-102.2916,Centro,Educación
2025-04-13 20:12:20,2025-04-13,4,Sunday,6,20,Noche,3,3,5,5,5.0,3,5,4,4,4,5,4,3.0,5.0,4.0,4.25,4.06,9,Alto,9,Promotor,5,Bueno,10,Bien informado,2,Nuevo,Educación,Persona física,Yucatán,Yucatán,Sureste,2.32,149.0,Medio,20.7099,-89.0943,Sureste,Educación
2025-04-14 09:32:30,2025-04-14,4,Monday,0,9,Mañana,3,4,4,4,4.0,3,3,5,5,5,4,4,3.5,4.0,3.67,4.5,3.92,8,Alto,9,Promotor,5,Bueno,9,Bien informado,1,Nuevo,Empresa,Supervisor,Guerrero,Guerrero,Sur,3.54,79.0,Bajo,17.4392,-99.5451,Sur,Empresa
2025-04-14 09:35:44,2025-04-14,4,Monday,0,9,Mañana,4,4,3,4,4.0,3,3,4,4,4,4,5,4.0,3.67,3.33,4.25,3.81,8,Alto,8,Pasivo,4,Bueno,8,Bien informado,1,Nuevo,Educación,Asistente,Guerrero,Guerrero,Sur,3.54,79.0,Bajo,17.4392,-99.5451,Sur,Educación
2025-04-14 09:38:22,2025-04-14,4,Monday,0,9,Mañana,4,3,4,4,3.0,3,4,4,4,5,4,4,3.5,3.67,3.67,4.25,3.77,8,Alto,9,Promotor,5,Bueno,9,Bien informado,2,Nuevo,Empresa,Gerente,Guerrero,Guerrero,Sur,3.54,79.0,Bajo,17.4392,-99.5451,Sur,Empresa
2025-04-14 09:39:34,2025-04-14,4,Monday,0,9,Mañana,3,4,2,2,1.0,2,1,1,1,2,4,2,3.5,1.67,1.33,2.25,2.19,8,Alto,8,Pasivo,2,Deficiente,6,Parcialmente informado,2,Nuevo,Teletón (Grupos internos de la Fundación),Asistente,Tamaulipas,Tamaulipas,Noreste,3.53,182.0,Medio,24.2669,-98.8363,Norte,Teletón (Grupos internos de la Fundación)
2025-04-14 10:10:07,2025-04-14,4,Monday,0,10,Mañana,4,3,3,3,4.0,4,3,4,3,2,4,4,3.5,3.33,3.67,3.25,3.44,6,Medio,9,Promotor,3,Regular,7,Parcialmente informado,1,Nuevo,Teletón (Grupos internos de la Fundación),Asistente,Guerrero,Guerrero,Sur,3.54,79.0,Bajo,17.4392,-99.5451,Sur,Teletón (Grupos internos de la Fundación)
2025-04-14 10:44:14,2025-04-14,4,Monday,0,10,Mañana,4,4,3,4,4.0,4,3,4,4,5,5,4,4.0,3.67,3.67,4.5,3.96,8,Alto,8,Pasivo,3,Regular,8,Bien informado,1,Nuevo,Educación,Asistente,Guerrero,Guerrero,Sur,3.54,79.0,Bajo,17.4392,-99.5451,Sur,Educación
2025-04-14 10:45:41,2025-04-14,4,Monday,0,10,Mañana,5,3,4,3,4.0,4,4,3,4,4,5,4,4.0,3.67,3.67,4.25,3.9,9,Alto,10,Promotor,3,Regular,8,Bien informado,2,Nuevo,Empresa,Gerente,Guerrero,Guerrero,Sur,3.54,79.0,Bajo,17.4392,-99.5451,Sur,Empresa
2025-04-14 11:24:36,2025-04-14,4,Monday,0,11,Mañana,4,3,3,3,4.0,4,3,4,4,5,5,4,3.5,3.33,3.67,4.5,3.75,9,Alto,8,Pasivo,4,Bueno,8,Bien informado,21,Veterano,Persona física,Persona física,Chiapas,Chiapas,Sureste,5.54,58.0,Bajo,16.7569,-93.1292,Sureste,Persona física
2025-04-14 12:36:25,2025-04-14,4,Monday,0,12,Tarde,4,5,3,3,4.0,3,3,3,4,4,4,4,4.5,3.33,3.0,4.0,3.71,8,Alto,8,Pasivo,4,Bueno,8,Bien informado,11,Veterano,Educación,Director,Chiapas,Chiapas,Sureste,5.54,58.0,Bajo,16.7569,-93.1292,Sureste,Educación
2025-04-14 15:21:54,2025-04-14,4,Monday,0,15,Tarde,4,2,3,4,4.0,4,4,4,4,4,5,4,3.0,3.67,4.0,4.25,3.73,8,Alto,8,Pasivo,4,Bueno,8,Bien informado,1,Nuevo,Teletón (Grupos internos de la Fundación),Asistente,Tamaulipas,Tamaulipas,Noreste,3.53,182.0,Medio,24.2669,-98.8363,Norte,Teletón (Grupos internos de la Fundación)
2025-04-14 15:29:10,2025-04-14,4,Monday,0,15,Tarde,3,3,3,3,4.0,4,3,3,4,4,5,4,3.0,3.33,3.33,4.25,3.48,7,Medio,8,Pasivo,3,Regular,7,Parcialmente informado,2,Nuevo,Empresa,Gerente,Querétaro,Querétaro,Bajío,2.37,250.0,Alto,20.5888,-100.3899,Centro,Empresa
2025-04-14 16:09:31,2025-04-14,4,Monday,0,16,Tarde,3,5,4,4,4.0,3,4,4,5,4,5,3,4.0,4.0,3.67,4.25,3.98,8,Alto,8,Pasivo,5,Bueno,9,Bien informado,1,Nuevo,Empresa,Coordinador,Quintana Roo,Quintana Roo,Sureste,1.86,211.0,Alto,19.1817,-88.4791,Sureste,Empresa
2025-04-14 18:02:39,2025-04-14,4,Monday,0,18,Noche,2,4,4,3,4.0,4,4,3,4,4,5,4,3.0,3.67,3.67,4.25,3.65,9,Alto,9,Promotor,3,Regular,8,Bien informado,2,Nuevo,Persona física,Persona física,Sinaloa,Sinaloa,Noroeste,3.03,151.0,Medio,24.8091,-107.394,Norte,Persona física
2025-04-14 19:56:58,2025-04-14,4,Monday,0,19,Noche,3,4,3,3,4.0,4,3,4,4,5,5,4,3.5,3.33,3.67,4.5,3.75,9,Alto,8,Pasivo,4,Bueno,8,Bien informado,4,Establecido,Educación,Supervisor,Jalisco,Jalisco,Occidente,8.35,183.0,Medio,20.6595,-103.3494,Occidente,Educación
2025-04-15 10:13:09,2025-04-15,4,Tuesday,1,10,Mañana,4,4,3,3,4.0,3,3,3,4,4,4,4,4.0,3.33,3.0,4.0,3.58,8,Alto,10,Promotor,4,Bueno,8,Bien informado,1,Nuevo,Persona física,Dueño,Veracruz,Veracruz,Golfo,8.06,118.0,Bajo,19.1738,-96.1342,Sur,Persona física
2025-04-15 10:27:11,2025-04-15,4,Tuesday,1,10,Mañana,4,3,3,4,4.0,4,4,4,5,5,4,4,3.5,3.67,4.0,4.5,3.92,8,Alto,8,Pasivo,4,Bueno,8,Bien informado,3,Establecido,Educación,Coordinador,Aguascalientes,Aguascalientes,Centro-Norte,1.43,198.0,Medio,21.8853,-102.2916,Centro,Educación
2025-04-15 10:27:49,2025-04-15,4,Tuesday,1,10,Mañana,4,4,3,3,4.0,4,3,3,4,4,3,4,4.0,3.33,3.33,3.75,3.6,7,Medio,8,Pasivo,3,Regular,7,Parcialmente informado,14,Veterano,Educación,Coordinador,Aguascalientes,Aguascalientes,Centro-Norte,1.43,198.0,Medio,21.8853,-102.2916,Centro,Educación
2025-04-15 10:28:50,2025-04-15,4,Tuesday,1,10,Mañana,5,3,4,4,4.0,3,4,4,3,4,4,3,4.0,4.0,3.67,3.5,3.79,8,Alto,8,Pasivo,5,Bueno,9,Bien informado,1,Nuevo,Educación,Asistente,Estado de México,Estado de México,Centro,16.99,114.0,Bajo,19.4969,-99.7233,Centro,Educación
2025-04-15 10:31:39,2025-04-15,4,Tuesday,1,10,Mañana,5,4,4,5,4.0,3,3,3,3,4,3,3,4.5,4.33,3.0,3.25,3.77,7,Medio,9,Promotor,3,Regular,7,Parcialmente informado,2,Nuevo,Persona física,Persona física,Veracruz,Veracruz,Golfo,8.06,118.0,Bajo,19.1738,-96.1342,Sur,Persona física
2025-04-15 10:33:09,2025-04-15,4,Tuesday,1,10,Mañana,4,4,3,4,3.0,4,3,3,4,3,3,4,4.0,3.33,3.33,3.5,3.54,7,Medio,8,Pasivo,3,Regular,7,Parcialmente informado,2,Nuevo,Empresa,Asistente,Baja California Norte,Baja California Norte,,,,,,,,Empresa
2025-04-15 10:33:58,2025-04-15,4,Tuesday,1,10,Mañana,4,4,3,5,3.0,4,3,4,4,4,4,4,4.0,3.67,3.67,4.0,3.84,8,Alto,8,Pasivo,4,Bueno,8,Bien informado,1,Nuevo,Empresa,Persona física,Veracruz,Veracruz,Golfo,8.06,118.0,Bajo,19.1738,-96.1342,Sur,Empresa
2025-04-15 12:06:55,2025-04-15,4,Tuesday,1,12,Tarde,3,4,3,4,4.0,3,4,3,4,3,3,4,3.5,3.67,3.33,3.5,3.5,8,Alto,9,Promotor,3,Regular,8,Bien informado,1,Nuevo,Empresa,Asistente,Tabasco,Tabasco,Sureste,2.4,180.0,Medio,17.8409,-92.6189,Sureste,Empresa
2025-04-16 11:07:23,2025-04-16,4,Wednesday,2,11,Mañana,4,4,2,2,3.0,2,2,3,3,2,2,3,4.0,2.33,2.33,2.5,2.79,6,Medio,8,Pasivo,2,Deficiente,7,Parcialmente informado,1,Nuevo,Gubernamental,Coordinador,Aguascalientes,Aguascalientes,Centro-Norte,1.43,198.0,Medio,21.8853,-102.2916,Centro,Gubernamental
2025-04-21 14:39:08,2025-04-21,4,Monday,0,14,Tarde,3,4,4,4,3.0,3,3,4,4,5,4,4,3.5,3.67,3.33,4.25,3.69,8,Alto,10,Promotor,4,Bueno,8,Bien informado,4,Establecido,Educación,Coordinador,Ciudad de México,Ciudad de México,Centro,9.21,394.0,Alto,19.4326,-99.1332,Centro,Educación
2025-04-22 16:05:35,2025-04-22,4,Tuesday,1,16,Tarde,4,3,5,4,4.0,4,5,5,4,4,5,4,3.5,4.33,4.67,4.25,4.19,9,Alto,9,Promotor,5,Bueno,9,Bien informado,25,Veterano,Educación,Coordinador,Quintana Roo,Quintana Roo,Sureste,1.86,211.0,Alto,19.1817,-88.4791,Sureste,Educación
2025-04-23 09:33:51,2025-04-23,4,Wednesday,2,9,Mañana,4,4,4,4,3.0,3,4,3,4,3,3,4,4.0,3.67,3.33,3.5,3.62,7,Medio,10,Promotor,3,Regular,8,Bien informado,3,Establecido,Educación,Dueño,Coahuila,Coahuila,Norte,3.15,263.0,Alto,27.0587,-101.7068,Norte,Educación
2025-04-23 22:10:58,2025-04-23,4,Wednesday,2,22,Noche,4,3,3,4,4.0,3,3,3,3,4,4,3,3.5,3.67,3.0,3.5,3.42,7,Medio,8,Pasivo,3,Regular,8,Bien informado,1,Nuevo,Educación,Supervisor,Guerrero,Guerrero,Sur,3.54,79.0,Bajo,17.4392,-99.5451,Sur,Educación
2025-04-23 22:32:56,2025-04-23,4,Wednesday,2,22,Noche,4,4,4,3,3.0,4,4,4,5,5,4,3,4.0,3.33,4.0,4.25,3.9,7,Medio,8,Pasivo,4,Bueno,8,Bien informado,2,Nuevo,Educación,Coordinador,Guerrero,Guerrero,Sur,3.54,79.0,Bajo,17.4392,-99.5451,Sur,Educación
2025-04-23 22:34:39,2025-04-23,4,Wednesday,2,22,Noche,3,4,4,4,4.0,4,4,3,4,4,3,3,3.5,4.0,3.67,3.5,3.67,7,Medio,8,Pasivo,3,Regular,9,Bien informado,1,Nuevo,Empresa,Supervisor,Guerrero,Guerrero,Sur,3.54,79.0,Bajo,17.4392,-99.5451,Sur,Empresa
2025-04-24 15:51:45,2025-04-24,4,Thursday,3,15,Tarde,2,3,3,4,4.0,3,3,3,3,4,4,3,2.5,3.67,3.0,3.5,3.17,7,Medio,8,Pasivo,3,Regular,8,Bien informado,6,Veterano,Educación,Coordinador,Michoacán,Michoacán,Occidente,4.75,107.0,Bajo,19.5665,-101.7068,Occidente,Educación
2025-04-27 09:28:31,2025-04-27,4,Sunday,6,9,Mañana,4,4,4,5,4.0,3,5,5,5,5,5,5,4.0,4.33,4.33,5.0,4.42,10,Alto,10,Promotor,5,Bueno,9,Bien informado,19,Veterano,Educación,Persona física,Guanajuato,Guanajuato,Bajío,6.17,157.0,Medio,21.019,-101.2574,Centro,Educación
2025-04-28 08:56:35,2025-04-28,4,Monday,0,8,Mañana,3,5,4,5,4.0,4,4,4,4,3,3,4,4.0,4.33,4.0,3.5,3.96,9,Alto,9,Promotor,5,Bueno,9,Bien informado,1,Nuevo,Educación,Coordinador,Guerrero,Guerrero,Sur,3.54,79.0,Bajo,17.4392,-99.5451,Sur,Educación
2025-04-28 09:38:01,2025-04-28,4,Monday,0,9,Mañana,4,5,4,5,4.0,3,5,5,5,5,5,5,4.5,4.33,4.33,5.0,4.54,10,Alto,10,Promotor,5,Bueno,8,Bien informado,6,Veterano,Educación,Coordinador,Chiapas,Chiapas,Sureste,5.54,58.0,Bajo,16.7569,-93.1292,Sureste,Educación
2025-04-28 14:10:38,2025-04-28,4,Monday,0,14,Tarde,4,4,5,4,5.0,4,5,4,5,4,4,5,4.0,4.67,4.33,4.5,4.38,9,Alto,9,Promotor,5,Bueno,8,Bien informado,4,Establecido,Gubernamental,Coordinador,Michoacán,Michoacán,Occidente,4.75,107.0,Bajo,19.5665,-101.7068,Occidente,Gubernamental
2025-04-29 14:45:44,2025-04-29,4,Tuesday,1,14,Tarde,4,4,5,5,5.0,3,5,5,5,5,5,5,4.0,5.0,4.33,5.0,4.58,10,Alto,10,Promotor,5,Bueno,9,Bien informado,1,Nuevo,Educación,Coordinador,Sonora,Sonora,Noroeste,2.94,219.0,Alto,29.2972,-110.3309,Norte,Educación
